#bin	swScore	milliDiv	milliDel	milliIns	genoName	genoStart	genoEnd	genoLeft	strand	repName	repClass	repFamily	repStart	repEnd	repLeft	id
1460	275	262	119	0	chr1	114727071	114727155	-80123602	+	MLT1A	LTR	ERVL-MaLR	25	118	-256	1
1460	1141	268	45	3	chr1	114727222	114727559	-80123198	-	MLT-int	LTR	ERVL-MaLR	-12	1723	1373	1
1460	35	63	0	0	chr1	114728330	114728393	-80122364	+	AT_rich	Low_complexity	Low_complexity	1	63	0	1
1460	22	0	0	0	chr1	114728439	114728461	-80122296	+	AT_rich	Low_complexity	Low_complexity	1	22	0	1
1460	957	226	61	19	chr1	114728509	114728771	-80121986	-	CSINE1	SINE	SINE	-33	307	35	1
1460	1360	209	88	0	chr1	114728896	114729193	-80121564	-	CSINE1	SINE	SINE	-17	323	1	1
1460	6376	189	42	7	chr1	114729895	114731358	-80119399	+	L1M2	LINE	L1	3269	4783	-1360	1
585	301	276	88	16	chrUn0634	57730	57855	-30373	+	L1MD	LINE	L1	4193	4326	-1820	4
585	1522	202	37	12	chrUn0634	57866	58187	-30041	+	CSINE1	SINE	SINE	6	334	-6	4
585	255	152	0	0	chrUn0634	58265	58311	-29917	+	(TA)n	Simple_repeat	Simple_repeat	2	47	0	4
585	503	173	109	8	chrUn0634	58487	58615	-29613	-	L1MA5	LINE	L1	0	6300	6160	4
585	186	289	22	0	chrUn0634	58945	58990	-29238	-	MIRb	SINE	MIR	-23	245	200	4
585	793	123	21	124	chrUn0634	59599	59785	-28443	-	CSINE2	SINE	SINE	0	344	178	4
585	2258	97	69	0	chrUn0634	59794	60114	-28114	-	CSINE2	SINE	SINE	-2	342	1	4
585	412	161	0	11	chrUn0634	60114	60202	-28026	-	L1MA5	LINE	L1	-857	5440	5354	4
585	280	254	31	47	chrUn0634	60239	60367	-27861	-	L1MEe	LINE	L1	-4611	243	118	4
585	2193	67	91	19	chrUn0634	60798	61116	-27112	-	CSINE3A	SINE	SINE	-9	341	1	4
585	487	236	6	129	chrUn1218	8856	9026	-15550	+	CSINE2	SINE	SINE	129	277	-67	4
585	849	239	124	25	chrUn1218	9065	9344	-15232	+	L1MA4	LINE	L1	5731	5789	-511	4
585	279	0	0	0	chrUn1218	9344	9375	-15201	+	(TG)n	Simple_repeat	Simple_repeat	2	32	0	4
585	849	208	26	32	chrUn1218	9375	9535	-15041	+	L1MA4	LINE	L1	5790	5930	-370	4
585	1493	179	67	13	chrUn1218	9909	10221	-14355	+	CSINE1	SINE	SINE	6	334	-6	4
585	198	71	0	0	chrUn1218	10299	10327	-14249	+	(TA)n	Simple_repeat	Simple_repeat	1	28	0	4
585	352	262	76	47	chrUn1218	10341	10513	-14063	+	L1M5	LINE	L1	4475	4651	-1495	4
585	469	181	109	8	chrUn1218	10519	10647	-13929	-	L1MA5	LINE	L1	0	6300	6160	4
585	186	289	22	0	chrUn1218	10976	11021	-13555	-	MIRb	SINE	MIR	-23	245	200	4
585	793	138	5	117	chrUn1218	11626	11814	-12762	-	CSINE2	SINE	SINE	0	344	178	4
585	2212	103	72	0	chrUn1218	11823	12142	-12434	-	CSINE2	SINE	SINE	-2	342	1	4
585	436	149	0	11	chrUn1218	12142	12230	-12346	-	L1MA5	LINE	L1	-857	5440	5354	4
585	297	273	9	9	chrUn1218	12282	12393	-12183	-	L1MEg	LINE	L1	-4709	1375	1265	4
585	945	276	91	31	chrUn1218	13388	13966	-10610	+	L1MC4	LINE	L1	6448	7088	-954	4
585	2054	127	51	6	chrUn1218	18750	19084	-5492	+	CSINE3A	SINE	SINE	1	349	-1	4
585	183	80	0	0	chrUn1218	19661	19686	-4890	+	(TTTTC)n	Simple_repeat	Simple_repeat	1	25	0	4
585	2732	74	0	6	chrUn1218	19686	20038	-4538	-	CSINE3A	SINE	SINE	0	350	1	4
585	2212	103	72	0	chrUn1218	11823	12142	-12434	-	CSINE2	SINE	SINE	-2	342	1	4
585	436	149	0	11	chrUn1218	12142	12230	-12346	-	L1MA5	LINE	L1	-857	5440	5354	4
585	297	273	9	9	chrUn1218	12282	12393	-12183	-	L1MEg	LINE	L1	-4709	1375	1265	4
585	945	276	91	31	chrUn1218	13388	13966	-10610	+	L1MC4	LINE	L1	6448	7088	-954	4
585	343	197	14	14	chrUn1218	14818	14890	-9686	-	tRNA-Ser-TCA(m)	tRNA	tRNA	-1	72	1	4
602	13250	127	10	14	chrUn0043	2305484	2307669	-44722	+	L1A_Oc	LINE	L1	4070	6441	-56	3
602	315	0	0	0	chrUn0043	2307669	2307704	-44687	+	(TAAAA)n	Simple_repeat	Simple_repeat	2	36	0	3
602	243	266	53	0	chrUn0043	2308539	2308633	-43758	+	L1MD2	LINE	L1	6043	6141	-218	3
602	226	352	92	5	chrUn0043	2308685	2308902	-43489	+	L1M5	LINE	L1	5437	5672	-451	3
602	294	250	11	43	chrUn0043	2309807	2309899	-42492	+	MER103C	DNA	hAT-Charlie	126	214	-83	3
602	231	309	132	12	chrUn0043	2310342	2310509	-41882	-	L3	LINE	CR1	-295	4194	4008	3
602	337	44	0	0	chrUn0043	2310771	2310816	-41575	-	LTR11_OC	LTR	ERVK	0	495	451	3
602	1841	152	24	18	chrUn0043	2311903	2311936	-40455	-	CSINE1	SINE	SINE	-3	337	306	3
602	2735	46	8	20	chrUn0043	2311936	2312289	-40102	-	CSINE3A	SINE	SINE	0	350	2	3
602	1841	152	24	18	chrUn0043	2312289	2312589	-39802	-	CSINE1	SINE	SINE	-35	305	2	3
585	1978	59	88	7	chrUn0658	57141	57446	-24276	-	CSINE3A	SINE	SINE	-20	330	1	4
585	826	241	135	14	chrUn0658	52417	52722	-29000	+	L1MA4	LINE	L1	6129	6185	-513	4
585	207	0	0	0	chrUn0658	52722	52745	-28977	+	(TG)n	Simple_repeat	Simple_repeat	2	24	0	4
585	826	216	31	2	chrUn0658	52745	52908	-28814	+	L1MA4	LINE	L1	6186	6327	-371	4
585	303	276	88	16	chrUn0658	53146	53271	-28451	+	L1MD	LINE	L1	4193	4326	-1820	4
585	1533	199	37	12	chrUn0658	53282	53603	-28119	+	CSINE1	SINE	SINE	6	334	-6	4
585	237	159	0	0	chrUn0658	54255	54299	-27423	+	(TA)n	Simple_repeat	Simple_repeat	2	45	0	4
585	488	181	109	8	chrUn0658	54475	54603	-27119	-	L1MA5	LINE	L1	0	6300	6160	4
585	186	289	22	0	chrUn0658	54933	54978	-26744	-	MIRb	SINE	MIR	-23	245	200	4
585	781	123	27	129	chrUn0658	55587	55773	-25949	-	CSINE2	SINE	SINE	0	344	178	4
585	2262	94	69	0	chrUn0658	55782	56102	-25620	-	CSINE2	SINE	SINE	-2	342	1	4
585	412	161	0	11	chrUn0658	56102	56190	-25532	-	L1MA5	LINE	L1	-857	5440	5354	4
585	299	256	24	47	chrUn0658	56227	56354	-25368	-	L1MEe	LINE	L1	-4611	243	120	4
585	2507	28	73	24	chrUn0658	56520	56849	-24873	-	CSINE3A	SINE	SINE	-5	345	1	4
585	1978	59	88	7	chrUn0658	57141	57446	-24276	-	CSINE3A	SINE	SINE	-20	330	1	4
585	1085	258	99	78	chrUn0634	55644	56818	-31410	+	L1MA4	LINE	L1	3156	4353	-2191	4
585	287	261	14	0	chrUn0634	56912	56981	-31247	+	CSINE2	SINE	SINE	190	259	-85	4
585	279	0	0	0	chrUn0634	56988	57019	-31209	+	(TC)n	Simple_repeat	Simple_repeat	1	31	0	4
585	795	231	62	58	chrUn0634	57027	57492	-30736	+	L1MA4	LINE	L1	6129	6328	-370	4
585	301	276	88	16	chrUn0634	57730	57855	-30373	+	L1MD	LINE	L1	4193	4326	-1820	4
585	1522	202	37	12	chrUn0634	57866	58187	-30041	+	CSINE1	SINE	SINE	6	334	-6	4
585	255	152	0	0	chrUn0634	58265	58311	-29917	+	(TA)n	Simple_repeat	Simple_repeat	2	47	0	4
585	503	173	109	8	chrUn0634	58487	58615	-29613	-	L1MA5	LINE	L1	0	6300	6160	4
585	186	289	22	0	chrUn0634	58945	58990	-29238	-	MIRb	SINE	MIR	-23	245	200	4
585	793	123	21	124	chrUn0634	59599	59785	-28443	-	CSINE2	SINE	SINE	0	344	178	4
585	2258	97	69	0	chrUn0634	59794	60114	-28114	-	CSINE2	SINE	SINE	-2	342	1	4
585	412	161	0	11	chrUn0634	60114	60202	-28026	-	L1MA5	LINE	L1	-857	5440	5354	4
585	280	254	31	47	chrUn0634	60239	60367	-27861	-	L1MEe	LINE	L1	-4611	243	118	4
585	2193	67	91	19	chrUn0634	60798	61116	-27112	-	CSINE3A	SINE	SINE	-9	341	1	4
601	13296	121	99	17	chrUn0043	2124562	2126755	-225636	+	L1A_Oc	LINE	L1	4070	6441	-56	3
601	180	0	0	0	chrUn0043	2126755	2126775	-225616	+	(TAAAA)n	Simple_repeat	Simple_repeat	2	21	0	3
601	4743	52	9	0	chrUn0043	2127338	2127909	-224482	-	L1A_Oc	LINE	L1	-490	6007	5432	3
601	1145	78	31	5	chrUn0043	2127905	2128099	-224292	+	L1A_Oc	LINE	L1	6290	6488	-9	3
601	243	266	53	0	chrUn0043	2128368	2128462	-223929	+	L1MD2	LINE	L1	6043	6141	-218	3
601	262	315	128	10	chrUn0043	2128514	2128800	-223591	+	L1M5	LINE	L1	5440	5774	-468	3
601	180	219	0	0	chrUn0043	2129712	2129753	-222638	+	CT-rich	Low_complexity	Low_complexity	2	42	0	3
601	231	309	132	12	chrUn0043	2130164	2130331	-222060	-	L3	LINE	CR1	-295	4194	4008	3
601	308	89	0	0	chrUn0043	2130579	2130624	-221767	-	LTR11_OC	LTR	ERVK	0	495	451	3
585	237	159	0	0	chrUn0658	54255	54299	-27423	+	(TA)n	Simple_repeat	Simple_repeat	2	45	0	4
585	488	181	109	8	chrUn0658	54475	54603	-27119	-	L1MA5	LINE	L1	0	6300	6160	4
585	186	289	22	0	chrUn0658	54933	54978	-26744	-	MIRb	SINE	MIR	-23	245	200	4
585	781	123	27	129	chrUn0658	55587	55773	-25949	-	CSINE2	SINE	SINE	0	344	178	4
585	2262	94	69	0	chrUn0658	55782	56102	-25620	-	CSINE2	SINE	SINE	-2	342	1	4
585	412	161	0	11	chrUn0658	56102	56190	-25532	-	L1MA5	LINE	L1	-857	5440	5354	4
585	299	256	24	47	chrUn0658	56227	56354	-25368	-	L1MEe	LINE	L1	-4611	243	120	4
585	2507	28	73	24	chrUn0658	56520	56849	-24873	-	CSINE3A	SINE	SINE	-5	345	1	4
585	1978	59	88	7	chrUn0658	57141	57446	-24276	-	CSINE3A	SINE	SINE	-20	330	1	4
602	13250	127	10	14	chrUn0043	2305484	2307669	-44722	+	L1A_Oc	LINE	L1	4070	6441	-56	3
602	315	0	0	0	chrUn0043	2307669	2307704	-44687	+	(TAAAA)n	Simple_repeat	Simple_repeat	2	36	0	3
602	243	266	53	0	chrUn0043	2308539	2308633	-43758	+	L1MD2	LINE	L1	6043	6141	-218	3
602	226	352	92	5	chrUn0043	2308685	2308902	-43489	+	L1M5	LINE	L1	5437	5672	-451	3
602	294	250	11	43	chrUn0043	2309807	2309899	-42492	+	MER103C	DNA	hAT-Charlie	126	214	-83	3
602	231	309	132	12	chrUn0043	2310342	2310509	-41882	-	L3	LINE	CR1	-295	4194	4008	3
602	337	44	0	0	chrUn0043	2310771	2310816	-41575	-	LTR11_OC	LTR	ERVK	0	495	451	3
719	920	282	93	13	chr18	17575164	17575714	-52225022	-	L1M4	LINE	L1	-1240	4906	4313	1
719	2570	36	39	3	chr18	17576100	17576433	-52224303	-	CSINE3A	SINE	SINE	-4	346	2	1
719	2372	64	70	6	chr18	17576510	17576838	-52223898	-	CSINE3A	SINE	SINE	-1	349	1	1
719	1287	164	0	0	chr18	17577589	17577808	-52222928	-	CSINE1	SINE	SINE	-120	220	2	1
719	2472	68	17	12	chr18	17577837	17578182	-52222554	-	CSINE3A	SINE	SINE	-3	347	1	1
719	1164	108	127	32	chr18	17578273	17578494	-52222242	+	CSINE2	SINE	SINE	101	342	-2	1
719	416	131	31	50	chr18	17578544	17578705	-52222031	+	(TTAGGG)n	Simple_repeat	Simple_repeat	6	163	0	1
719	369	188	18	41	chr18	17578741	17579018	-52221718	+	(TTAGGG)n	Simple_repeat	Simple_repeat	1	270	0	1
719	2744	44	6	20	chr18	17579297	17579308	-52221428	-	CSINE3A	SINE	SINE	-8	342	334	1
719	180	0	0	0	chr18	17579308	17579328	-52221408	+	(TTTA)n	Simple_repeat	Simple_repeat	2	21	0	1
719	2744	44	6	20	chr18	17579328	17579663	-52221073	-	CSINE3A	SINE	SINE	-17	333	1	1
585	299	256	24	47	chrUn0658	56227	56354	-25368	-	L1MEe	LINE	L1	-4611	243	120	4
585	2507	28	73	24	chrUn0658	56520	56849	-24873	-	CSINE3A	SINE	SINE	-5	345	1	4
585	1978	59	88	7	chrUn0658	57141	57446	-24276	-	CSINE3A	SINE	SINE	-20	330	1	4
1180	24	0	0	0	chr9	78081482	78081506	-38170401	+	AT_rich	Low_complexity	Low_complexity	1	24	0	3
1180	535	315	66	5	chr9	78083224	78083422	-38168485	+	MER58A	DNA	hAT-Charlie	4	213	-11	3
1180	580	258	69	35	chr9	78083682	78083943	-38167964	-	L1MEc	LINE	L1	-4230	2170	1901	3
1180	2685	226	61	7	chr9	78083941	78084628	-38167279	-	L1MB7	LINE	L1	-19	6165	5442	3
1180	378	269	67	75	chr9	78084630	78084965	-38166942	-	L1A_Oc	LINE	L1	-41	6456	6247	3
1180	323	59	20	0	chr9	78084970	78085021	-38166886	+	CSINE2	SINE	SINE	293	344	0	3
1180	1100	265	6	31	chr9	78085023	78085381	-38166526	-	L1A_Oc	LINE	L1	-5729	768	420	3
1180	956	153	0	44	chr9	78085348	78085553	-38166354	-	L1A_Oc	LINE	L1	-28	6469	6274	3
1180	528	300	8	26	chr9	78085555	78085819	-38166088	-	L1A_Oc	LINE	L1	-6113	384	126	3
601	13296	121	99	17	chrUn0043	2124562	2126755	-225636	+	L1A_Oc	LINE	L1	4070	6441	-56	3
601	180	0	0	0	chrUn0043	2126755	2126775	-225616	+	(TAAAA)n	Simple_repeat	Simple_repeat	2	21	0	3
601	4743	52	9	0	chrUn0043	2127338	2127909	-224482	-	L1A_Oc	LINE	L1	-490	6007	5432	3
601	1145	78	31	5	chrUn0043	2127905	2128099	-224292	+	L1A_Oc	LINE	L1	6290	6488	-9	3
601	243	266	53	0	chrUn0043	2128368	2128462	-223929	+	L1MD2	LINE	L1	6043	6141	-218	3
601	262	315	128	10	chrUn0043	2128514	2128800	-223591	+	L1M5	LINE	L1	5440	5774	-468	3
601	180	219	0	0	chrUn0043	2129712	2129753	-222638	+	CT-rich	Low_complexity	Low_complexity	2	42	0	3
601	231	309	132	12	chrUn0043	2130164	2130331	-222060	-	L3	LINE	CR1	-295	4194	4008	3
601	308	89	0	0	chrUn0043	2130579	2130624	-221767	-	LTR11_OC	LTR	ERVK	0	495	451	3
585	343	197	14	14	chrUn1218	14818	14890	-9686	-	tRNA-Ser-TCA(m)	tRNA	tRNA	-1	72	1	4
585	2054	127	51	6	chrUn1218	18750	19084	-5492	+	CSINE3A	SINE	SINE	1	349	-1	4
1324	370	253	74	107	chr12	96960283	96960526	-58394869	-	CSINE2	SINE	SINE	-77	267	33	6
1324	204	40	0	0	chr12	96960558	96960583	-58394812	+	(A)n	Simple_repeat	Simple_repeat	1	25	0	6
1324	23	33	0	0	chr12	96960721	96960751	-58394644	+	AT_rich	Low_complexity	Low_complexity	1	30	0	6
1324	25	0	0	0	chr12	96961153	96961178	-58394217	+	AT_rich	Low_complexity	Low_complexity	1	25	0	6
1324	2121	100	70	21	chr12	96962192	96962519	-58392876	-	CSINE3A	SINE	SINE	-7	343	1	6
1324	1929	128	62	0	chr12	96962832	96963136	-58392259	+	CSINE1	SINE	SINE	1	323	-17	6
1324	623	258	66	62	chr12	96963330	96963557	-58391838	+	CSINE2	SINE	SINE	45	272	-72	6
1324	30	27	0	0	chr12	96963559	96963596	-58391799	+	AT_rich	Low_complexity	Low_complexity	1	37	0	6
1324	31	26	0	0	chr12	96963837	96963875	-58391520	+	AT_rich	Low_complexity	Low_complexity	1	38	0	6
1324	2617	48	9	0	chr12	96964019	96964353	-58391042	-	CSINE3A	SINE	SINE	-13	337	1	6
596	1360	205	99	35	chrUn0007	1443522	1443836	-4680775	+	CSINE2	SINE	SINE	1	334	-10	3
596	618	82	0	0	chrUn0007	1443839	1443924	-4680687	+	(GGGGA)n	Simple_repeat	Simple_repeat	3	87	0	3
596	3826	221	92	29	chrUn0007	1443924	1444866	-4679745	+	L1MDa	LINE	L1	1560	2553	-4080	3
596	961	245	66	4	chrUn0007	1444866	1445108	-4679503	+	L1A_Oc	LINE	L1	5722	5978	-519	3
596	461	17	0	17	chrUn0007	1445246	1445305	-4679306	+	(TG)n	Simple_repeat	Simple_repeat	1	58	0	3
596	617	200	23	93	chrUn0007	1445306	1445521	-4679090	+	L1A_Oc	LINE	L1	6241	6440	-57	3
596	1135	195	17	4	chrUn0007	1445540	1445777	-4678834	+	L1MDa	LINE	L1	2542	2781	-3756	3
596	2348	210	112	51	chrUn0007	1445781	1446270	-4678341	+	L1MDa	LINE	L1	4658	5161	-1376	3
596	2787	45	42	0	chrUn0007	1446270	1446602	-4678009	+	CSINE3A	SINE	SINE	1	346	-4	3
596	2348	210	112	51	chrUn0007	1446602	1446819	-4677792	+	L1MDa	LINE	L1	5162	5407	-1130	3
596	2925	233	106	19	chrUn0007	1447268	1448206	-4676405	-	Charlie1a	DNA	hAT-Charlie	-293	1162	144	3
596	760	296	22	41	chrUn0007	1448241	1448512	-4676099	-	CSINE2	SINE	SINE	-65	279	14	3
596	512	283	26	26	chrUn0007	1448521	1448677	-4675934	-	Charlie1a	DNA	hAT-Charlie	-1297	158	3	3
995	1507	172	48	26	chr17	53746962	53747206	-31261261	-	CSINE1	SINE	SINE	-83	257	1	1
995	613	249	17	118	chr17	53747279	53747516	-31260951	-	CSINE2	SINE	SINE	-47	297	85	1
995	1117	225	99	19	chr17	53747539	53747852	-31260615	+	CSINE2	SINE	SINE	7	344	0	1
995	348	245	20	30	chr17	53748371	53748472	-31259995	-	MER57-int	LTR	ERV1	-272	7265	7166	1
995	411	119	0	0	chr17	53748500	53748567	-31259900	+	(GGGA)n	Simple_repeat	Simple_repeat	2	68	0	1
995	287	275	32	84	chr17	53748716	53748871	-31259596	+	CSINE1	SINE	SINE	51	197	-143	1
995	1919	143	55	18	chr17	53749164	53749491	-31258976	+	CSINE1	SINE	SINE	1	339	-1	1
995	300	152	72	43	chr17	53749943	53750012	-31258455	-	Arthur1B	DNA	hAT-Tip100	-21	1204	1134	1
995	390	311	23	41	chr17	53750040	53750211	-31258256	-	L1MC4a	LINE	L1	-2035	5847	5680	1
995	739	259	28	9	chr17	53750327	53750541	-31257926	-	L1MC4a	LINE	L1	-467	5657	5440	1
995	305	240	106	68	chr17	53750623	53750784	-31257683	-	L1MC4a	LINE	L1	-846	5300	5134	1
995	248	265	34	67	chr17	53750840	53750929	-31257538	-	L2a	LINE	L2	-337	3089	3004	1
995	676	292	70	35	chr17	53751035	53751322	-31257145	-	CSINE2	SINE	SINE	-47	297	1	1
995	193	343	101	0	chr17	53751751	53751850	-31256617	+	L2b	LINE	L2	3247	3355	-20	1
1161	354	238	100	14	chr1	75604984	75605171	-119245586	-	L1M2	LINE	L1	-4095	1753	1618	1
1161	253	256	0	104	chr1	75606598	75606618	-119244139	+	L1M4c	LINE	L1	2440	2458	-4391	1
1161	1815	116	164	0	chr1	75606618	75606880	-119243877	+	CSINE1	SINE	SINE	1	305	-35	1
1161	203	0	37	0	chr1	75606880	75606907	-119243850	+	(TAAAA)n	Simple_repeat	Simple_repeat	5	32	0	1
1161	1815	116	164	0	chr1	75606907	75606936	-119243821	+	CSINE1	SINE	SINE	306	339	-1	1
1161	315	247	0	3	chr1	75606936	75607011	-119243746	+	L1M4c	LINE	L1	2051	2123	-4727	1
1161	965	241	5	23	chr1	75607011	75607260	-119243497	+	CSINE2	SINE	SINE	10	257	-87	1
1161	477	50	0	0	chr1	75607314	75607374	-119243383	+	(TCCC)n	Simple_repeat	Simple_repeat	4	63	0	1
1161	1816	133	60	72	chr1	75607398	75607656	-119243101	-	CSINE2	SINE	SINE	0	344	91	1
1161	2601	61	17	14	chr1	75607656	75608005	-119242752	+	CSINE3A	SINE	SINE	1	350	0	1
1161	1816	133	60	72	chr1	75608005	75608094	-119242663	-	CSINE2	SINE	SINE	-254	90	1	1
1161	3569	196	60	6	chr1	75608106	75608902	-119241855	-	L1M3	LINE	L1	-1303	4837	3999	1
1161	1788	157	62	9	chr1	75609201	75609522	-119241235	-	CSINE2	SINE	SINE	-5	339	2	1
1161	305	217	0	135	chr1	75609555	75609629	-119241128	-	CSINE2	SINE	SINE	-51	293	229	1
1161	2077	122	36	30	chr1	75609629	75609966	-119240791	+	CSINE1	SINE	SINE	1	339	-1	1
1161	305	217	0	135	chr1	75609966	75609987	-119240770	-	CSINE2	SINE	SINE	-116	228	211	1
638	1789	162	70	3	chrUn0002	6976457	6976772	-6485030	+	CSINE1	SINE	SINE	1	336	-4	3
638	377	243	24	114	chrUn0002	6977587	6977842	-6483960	-	L1A_Oc	LINE	L1	-40	6457	6226	3
638	3117	260	99	40	chrUn0002	6978160	6979432	-6482370	-	L1A_Oc	LINE	L1	-466	6031	4685	3
638	276	319	24	32	chrUn0002	6979573	6979696	-6482106	+	CSINE2	SINE	SINE	154	275	-69	3
638	1109	231	27	74	chrUn0002	6979869	6980205	-6481597	+	CSINE2	SINE	SINE	3	322	-22	3
638	3630	97	283	37	chrUn0002	6980315	6980865	-6480937	-	L1A_Oc	LINE	L1	-49	6448	5703	3
638	2485	87	9	3	chrUn0002	6980865	6981210	-6480592	-	CSINE3A	SINE	SINE	-2	348	2	3
638	3630	97	283	37	chrUn0002	6981210	6981358	-6480444	-	L1A_Oc	LINE	L1	-795	5702	5578	3
912	1392	70	10	7	chr9	42948092	42948300	-73303607	+	L1A_Oc	LINE	L1	6049	6452	-45	3
912	925	221	214	11	chr9	42948317	42948583	-73303324	+	CSINE1	SINE	SINE	1	320	-20	3
912	1086	256	90	7	chr9	42948677	42948942	-73302965	+	CSINE1	SINE	SINE	3	290	-50	3
912	315	0	0	0	chr9	42948942	42948977	-73302930	+	(TC)n	Simple_repeat	Simple_repeat	2	36	0	3
912	1086	256	90	7	chr9	42948977	42949021	-73302886	+	CSINE1	SINE	SINE	291	337	-3	3
912	258	337	77	0	chr9	42949628	42949809	-73302098	-	MER102b	DNA	hAT-Charlie	-66	275	81	3
912	204	40	0	0	chr9	42950213	42950238	-73301669	+	(CA)n	Simple_repeat	Simple_repeat	1	25	0	3
912	22	80	0	0	chr9	42950485	42950535	-73301372	+	AT_rich	Low_complexity	Low_complexity	1	50	0	3
912	379	293	68	8	chr9	42950966	42951170	-73300737	+	MIRb	SINE	MIR	23	251	-17	3
912	234	156	0	0	chr9	42951174	42951219	-73300688	+	CT-rich	Low_complexity	Low_complexity	4	48	0	3
912	1817	96	141	3	chr9	42951435	42951739	-73300168	+	CSINE3A	SINE	SINE	1	346	-4	3
912	624	258	6	0	chr9	42951830	42951989	-73299918	+	L1A_Oc	LINE	L1	4949	5108	-1389	3
912	1280	261	79	5	chr9	42952328	42952732	-73299175	-	L1MA5	LINE	L1	0	6942	6509	3
912	1622	102	0	6	chr9	42952820	42953170	-73298737	+	L1A_Oc	LINE	L1	5924	6467	-30	3
1161	1815	116	164	0	chr1	75606618	75606880	-119243877	+	CSINE1	SINE	SINE	1	305	-35	1
1161	203	0	37	0	chr1	75606880	75606907	-119243850	+	(TAAAA)n	Simple_repeat	Simple_repeat	5	32	0	1
1161	1815	116	164	0	chr1	75606907	75606936	-119243821	+	CSINE1	SINE	SINE	306	339	-1	1
1161	315	247	0	3	chr1	75606936	75607011	-119243746	+	L1M4c	LINE	L1	2051	2123	-4727	1
1161	965	241	5	23	chr1	75607011	75607260	-119243497	+	CSINE2	SINE	SINE	10	257	-87	1
1161	477	50	0	0	chr1	75607314	75607374	-119243383	+	(TCCC)n	Simple_repeat	Simple_repeat	4	63	0	1
1161	1816	133	60	72	chr1	75607398	75607656	-119243101	-	CSINE2	SINE	SINE	0	344	91	1
1161	2601	61	17	14	chr1	75607656	75608005	-119242752	+	CSINE3A	SINE	SINE	1	350	0	1
1161	1816	133	60	72	chr1	75608005	75608094	-119242663	-	CSINE2	SINE	SINE	-254	90	1	1
1161	3569	196	60	6	chr1	75608106	75608902	-119241855	-	L1M3	LINE	L1	-1303	4837	3999	1
1161	1788	157	62	9	chr1	75609201	75609522	-119241235	-	CSINE2	SINE	SINE	-5	339	2	1
1161	305	217	0	135	chr1	75609555	75609629	-119241128	-	CSINE2	SINE	SINE	-51	293	229	1
1161	2077	122	36	30	chr1	75609629	75609966	-119240791	+	CSINE1	SINE	SINE	1	339	-1	1
1161	305	217	0	135	chr1	75609966	75609987	-119240770	-	CSINE2	SINE	SINE	-116	228	211	1
1161	2178	94	60	9	chr1	75611264	75611596	-119239161	-	CSINE3A	SINE	SINE	-1	349	1	1
1066	380	277	0	21	chr9	63089868	63089964	-53161943	-	CSINE2	SINE	SINE	-141	203	110	3
1066	1549	210	60	0	chr9	63090468	63090787	-53161120	-	CSINE1	SINE	SINE	-2	338	1	3
1066	241	231	0	0	chr9	63091089	63091141	-53160766	+	Charlie8	DNA	hAT-Charlie	2376	2427	-1	3
1066	235	226	19	0	chr9	63091215	63091268	-53160639	+	MIRc	SINE	MIR	88	141	-127	3
1066	210	297	16	0	chr9	63092185	63092249	-53159658	+	GA-rich	Low_complexity	Low_complexity	1	65	0	3
1066	338	287	115	52	chr9	63092276	63092467	-53159440	-	CSINE2	SINE	SINE	-141	203	1	3
1066	4148	219	82	51	chr9	63092472	63093412	-53158495	-	L1M2	LINE	L1	-743	5400	3768	3
1066	1752	172	67	3	chr9	63093412	63093727	-53158180	-	CSINE1	SINE	SINE	-5	335	1	3
1066	4148	201	77	45	chr9	63093727	63094115	-53157792	-	L1M2	LINE	L1	-1505	4638	4230	3
1066	2449	102	3	31	chr9	63094119	63094473	-53157434	-	CSINE2	SINE	SINE	0	344	1	3
1066	1553	186	4	0	chr9	63094502	63094782	-53157125	+	L1A_Oc	LINE	L1	5811	6091	-406	3
1066	230	91	0	22	chr9	63094783	63094828	-53157079	+	L1A_Oc	LINE	L1	6290	6333	-164	3
600	1316	249	15	9	chrUn0043	2002661	2002997	-349394	-	CSINE2	SINE	SINE	-6	338	1	3
600	425	272	37	62	chrUn0043	2003002	2003163	-349228	+	L1MA6	LINE	L1	6137	6293	-7	3
600	2053	182	65	31	chrUn0043	2003356	2003814	-348577	+	LTR22_OC	LTR	ERV1	1	474	0	3
600	190	274	0	0	chrUn0043	2003917	2003968	-348423	+	L4	LINE	RTE	1000	1050	-979	3
608	2169	119	52	0	chr19	3084439	3084766	-54195200	-	CSINE2	SINE	SINE	0	344	1	1
608	634	206	119	5	chr19	3085598	3085783	-54194183	+	LTR27_OC	LTR	ERV1	24	229	-165	1
608	1877	152	58	21	chr19	3086048	3086378	-54193588	+	CSINE2	SINE	SINE	1	342	-2	1
608	356	242	156	12	chr19	3086381	3086548	-54193418	+	L1MD	LINE	L1	4650	4840	-1306	1
608	2626	70	146	58	chr19	3086583	3086995	-54192971	+	ERVNOC2_LTR	LTR	ERVK	1	448	0	1
608	1068	193	16	0	chr19	3087511	3087703	-54192263	+	CSINE2	SINE	SINE	1	195	-149	1
608	918	166	6	6	chr19	3088270	3088428	-54191538	+	CSINE1	SINE	SINE	2	159	-181	1
608	25	31	0	0	chr19	3088842	3088874	-54191092	+	AT_rich	Low_complexity	Low_complexity	1	32	0	1
585	613	212	119	5	chrUn0821	269	454	-50877	+	LTR27_OC	LTR	ERV1	24	229	-165	4
585	1910	153	48	12	chrUn0821	719	1049	-50282	+	CSINE2	SINE	SINE	1	342	-2	4
585	251	219	102	31	chrUn0821	1092	1219	-50112	+	L1MD	LINE	L1	4705	4840	-1306	4
585	2980	68	51	64	chrUn0821	1254	1708	-49623	+	ERVNOC2_LTR	LTR	ERVK	1	448	0	4
585	1019	208	16	0	chrUn0821	2224	2416	-48915	+	CSINE2	SINE	SINE	1	195	-149	4
585	918	166	6	6	chrUn0821	2983	3141	-48190	+	CSINE1	SINE	SINE	2	159	-181	4
585	25	31	0	0	chrUn0821	3555	3587	-47744	+	AT_rich	Low_complexity	Low_complexity	1	32	0	4
1324	23	33	0	0	chr12	96960721	96960751	-58394644	+	AT_rich	Low_complexity	Low_complexity	1	30	0	6
1324	25	0	0	0	chr12	96961153	96961178	-58394217	+	AT_rich	Low_complexity	Low_complexity	1	25	0	6
1324	2121	100	70	21	chr12	96962192	96962519	-58392876	-	CSINE3A	SINE	SINE	-7	343	1	6
1324	1929	128	62	0	chr12	96962832	96963136	-58392259	+	CSINE1	SINE	SINE	1	323	-17	6
1324	623	258	66	62	chr12	96963330	96963557	-58391838	+	CSINE2	SINE	SINE	45	272	-72	6
1324	30	27	0	0	chr12	96963559	96963596	-58391799	+	AT_rich	Low_complexity	Low_complexity	1	37	0	6
1324	31	26	0	0	chr12	96963837	96963875	-58391520	+	AT_rich	Low_complexity	Low_complexity	1	38	0	6
1324	2617	48	9	0	chr12	96964019	96964353	-58391042	-	CSINE3A	SINE	SINE	-13	337	1	6
585	1833	122	30	13	chrUn0821	11262	11561	-39770	-	CSINE1	SINE	SINE	-36	304	1	4
585	1843	170	40	3	chrUn0821	11754	12079	-39252	+	CSINE1	SINE	SINE	2	338	-2	4
585	2424	50	13	0	chrUn0821	12289	12589	-38742	-	CSINE3A	SINE	SINE	-8	342	39	4
585	258	105	0	0	chrUn0821	14019	14057	-37274	+	(CTTA)n	Simple_repeat	Simple_repeat	2	39	0	4
585	1517	164	91	4	chrUn0821	14057	14332	-36999	-	CSINE1	SINE	SINE	-32	308	10	4
585	1716	133	132	3	chrUn0821	14983	15018	-36313	-	CSINE2	SINE	SINE	-10	334	299	4
585	363	23	0	0	chrUn0821	15018	15062	-36269	+	(GA)n	Simple_repeat	Simple_repeat	2	45	0	4
585	1716	133	132	3	chrUn0821	15062	15321	-36010	-	CSINE2	SINE	SINE	-46	298	3	4
1180	535	315	66	5	chr9	78083224	78083422	-38168485	+	MER58A	DNA	hAT-Charlie	4	213	-11	3
1180	580	258	69	35	chr9	78083682	78083943	-38167964	-	L1MEc	LINE	L1	-4230	2170	1901	3
1180	2685	226	61	7	chr9	78083941	78084628	-38167279	-	L1MB7	LINE	L1	-19	6165	5442	3
1180	378	269	67	75	chr9	78084630	78084965	-38166942	-	L1A_Oc	LINE	L1	-41	6456	6247	3
1180	323	59	20	0	chr9	78084970	78085021	-38166886	+	CSINE2	SINE	SINE	293	344	0	3
1180	1100	265	6	31	chr9	78085023	78085381	-38166526	-	L1A_Oc	LINE	L1	-5729	768	420	3
1180	956	153	0	44	chr9	78085348	78085553	-38166354	-	L1A_Oc	LINE	L1	-28	6469	6274	3
1180	528	300	8	26	chr9	78085555	78085819	-38166088	-	L1A_Oc	LINE	L1	-6113	384	126	3
1180	25	0	0	0	chr9	78086860	78086885	-38165022	+	AT_rich	Low_complexity	Low_complexity	1	25	0	3
1180	2197	100	81	3	chr9	78087013	78087323	-38164584	-	CSINE1	SINE	SINE	-6	334	1	3
589	1802	167	69	3	chrUn0119	630219	630537	-316624	+	CSINE1	SINE	SINE	2	340	0	3
589	2257	53	13	0	chrUn0119	630743	631043	-316118	-	CSINE3A	SINE	SINE	-8	342	39	3
589	1193	54	5	11	chrUn0119	632225	632411	-314750	+	L1A_Oc	LINE	L1	6268	6452	-45	3
589	207	100	0	0	chrUn0119	632674	632704	-314457	+	(CTTA)n	Simple_repeat	Simple_repeat	2	31	0	3
589	1532	160	60	3	chrUn0119	632704	632987	-314174	-	CSINE1	SINE	SINE	-32	308	10	3
589	1617	140	164	3	chrUn0119	633649	633936	-313225	-	CSINE2	SINE	SINE	-10	334	2	3
589	2880	35	8	20	chrUn0119	633971	634325	-312836	-	CSINE3A	SINE	SINE	0	350	1	3
1123	442	270	0	0	chr13	70573080	70573195	-72787637	+	L1A_Oc	LINE	L1	5916	6030	-467	8
1123	663	198	6	13	chr13	70573199	70573358	-72787474	+	L1A_Oc	LINE	L1	6232	6389	-108	8
1123	240	149	0	0	chr13	70573367	70573414	-72787418	+	(A)n	Simple_repeat	Simple_repeat	1	47	0	8
1123	1318	224	5	122	chr13	70574153	70574539	-72786293	+	CSINE2	SINE	SINE	1	341	-3	8
1123	1045	172	143	50	chr13	70575772	70576072	-72784760	+	CSINE2	SINE	SINE	3	330	-14	8
1123	1699	189	62	6	chr13	70576148	70576473	-72784359	-	CSINE2	SINE	SINE	0	344	2	8
1123	34	65	0	0	chr13	70576634	70576696	-72784136	+	AT_rich	Low_complexity	Low_complexity	1	62	0	8
1123	1543	189	97	10	chr13	70576763	70577062	-72783770	+	CSINE1	SINE	SINE	1	325	-15	8
1123	886	218	15	15	chr13	70577246	70577446	-72783386	-	CSINE2	SINE	SINE	-144	200	1	8
587	342	0	0	0	chrUn0128	325091	325129	-597086	+	(TC)n	Simple_repeat	Simple_repeat	1	38	0	3
587	324	0	0	0	chrUn0128	325129	325164	-597051	+	(CA)n	Simple_repeat	Simple_repeat	1	36	0	3
587	675	198	11	15	chrUn0128	325164	325331	-596884	+	L1MA4	LINE	L1	5796	5937	-363	3
587	1635	141	0	18	chrUn0128	325806	325822	-596393	-	CSINE1	SINE	SINE	-70	270	258	3
587	774	50	0	0	chrUn0128	325822	325921	-596294	+	(GA)n	Simple_repeat	Simple_repeat	1	99	0	3
587	1635	141	0	18	chrUn0128	325921	326179	-596036	-	CSINE1	SINE	SINE	-83	257	1	3
587	1781	148	46	0	chrUn0128	326186	326490	-595725	+	CSINE1	SINE	SINE	21	338	-2	3
587	1033	196	97	13	chrUn0128	326996	327234	-594981	+	CSINE2	SINE	SINE	2	259	-85	3
587	396	0	0	0	chrUn0128	327236	327280	-594935	+	(TC)n	Simple_repeat	Simple_repeat	1	44	0	3
587	261	0	0	0	chrUn0128	327280	327308	-594907	+	(CA)n	Simple_repeat	Simple_repeat	1	29	0	3
587	286	123	0	34	chrUn0128	327340	327399	-594816	+	GA-rich	Low_complexity	Low_complexity	2	58	0	3
587	22	0	0	0	chrUn0128	327665	327687	-594528	+	AT_rich	Low_complexity	Low_complexity	1	22	0	3
587	322	204	97	9	chrUn0128	328062	328176	-594039	+	LTR16A1	LTR	ERVL	264	387	-69	3
587	1717	172	55	21	chrUn0128	329508	329835	-592380	+	CSINE2	SINE	SINE	5	342	-2	3
587	1167	166	10	0	chrUn0128	329891	330096	-592119	+	CSINE2	SINE	SINE	3	209	-135	3
593	336	287	32	0	chrUn0050	1127691	1127785	-1020311	+	CSINE2	SINE	SINE	182	278	-66	3
593	360	360	63	36	chrUn0050	1127891	1128194	-1019902	-	L1MCb	LINE	L1	-5627	418	108	3
593	327	25	0	0	chrUn0050	1128444	1128484	-1019612	+	(TG)n	Simple_repeat	Simple_repeat	1	40	0	3
593	1308	172	94	15	chrUn0050	1128536	1128589	-1019507	-	CSINE2	SINE	SINE	-5	339	265	3
593	243	0	0	0	chrUn0050	1128589	1128616	-1019480	+	(CA)n	Simple_repeat	Simple_repeat	2	28	0	3
593	1308	172	94	15	chrUn0050	1128616	1128827	-1019269	-	CSINE2	SINE	SINE	-80	264	55	3
593	238	284	45	0	chrUn0050	1129144	1129211	-1018885	-	MIRc	SINE	MIR	-95	173	104	3
593	367	355	51	28	chrUn0050	1130544	1130961	-1017135	-	L1ME3	LINE	L1	-86	6076	5651	3
593	285	291	148	3	chrUn0050	1130980	1131177	-1016919	+	MLT1E3	LTR	ERVL-MaLR	3	244	-436	3
1897	240	35	0	0	chr1	172056816	172056845	-22793912	+	(TTTTC)n	Simple_repeat	Simple_repeat	2	30	0	2
1897	1265	198	17	35	chr1	172056869	172057157	-22793600	-	CSINE2	SINE	SINE	-61	283	1	2
1897	670	168	15	0	chr1	172057230	172057361	-22793396	-	L1M2	LINE	L1	-848	5452	5320	2
1897	1008	261	30	30	chr1	172057365	172057693	-22793064	-	CSINE1	SINE	SINE	-11	329	2	2
1897	2604	224	35	32	chr1	172057700	172058250	-22792507	-	L1M2	LINE	L1	-818	5325	4771	2
1897	1861	148	12	21	chr1	172058250	172058575	-22792182	-	CSINE1	SINE	SINE	-17	323	2	2
1897	2604	224	35	32	chr1	172058575	172058749	-22792008	-	L1M2	LINE	L1	-1373	4770	4599	2
1897	267	254	103	0	chr1	172058782	172058908	-22791849	+	L1MA6	LINE	L1	6109	6247	-53	2
1897	1310	186	62	110	chr1	172059043	172059399	-22791358	+	CSINE2	SINE	SINE	4	342	-2	2
1897	698	265	67	57	chr1	172059577	172059727	-22791030	-	L1M4	LINE	L1	-1592	4554	4407	2
1897	2603	39	57	0	chr1	172059727	172060058	-22790699	-	CSINE3A	SINE	SINE	0	350	1	2
1897	698	265	67	57	chr1	172060058	172060311	-22790446	-	L1M4	LINE	L1	-1740	4406	4147	2
1897	362	143	250	0	chr1	172060333	172060417	-22790340	+	CSINE1	SINE	SINE	1	105	-235	2
1897	1659	165	25	9	chr1	172060845	172061169	-22789588	+	CSINE1	SINE	SINE	1	329	-11	2
1897	1636	168	81	19	chr1	172061395	172061716	-22789041	-	CSINE2	SINE	SINE	-3	341	1	2
589	2401	103	39	0	chrUn0119	625979	626310	-320851	-	CSINE2	SINE	SINE	0	344	1	3
589	553	207	126	6	chrUn0119	627094	627269	-319892	+	LTR27_OC	LTR	ERV1	24	219	-175	3
589	2205	127	12	17	chrUn0119	627544	627888	-319273	+	CSINE2	SINE	SINE	1	342	-2	3
589	306	249	156	12	chrUn0119	627891	628058	-319103	+	L1MD	LINE	L1	4650	4840	-1306	3
589	1432	191	12	0	chrUn0119	628604	628860	-318301	+	CSINE2	SINE	SINE	1	259	-85	3
589	225	0	0	0	chrUn0119	628860	628885	-318276	+	(TC)n	Simple_repeat	Simple_repeat	1	25	0	3
589	1915	132	68	9	chrUn0119	629706	630027	-317134	-	CSINE1	SINE	SINE	0	340	1	3
589	1802	167	69	3	chrUn0119	630219	630537	-316624	+	CSINE1	SINE	SINE	2	340	0	3
589	2257	53	13	0	chrUn0119	630743	631043	-316118	-	CSINE3A	SINE	SINE	-8	342	39	3
585	31	68	0	0	chrUn0821	5508	5567	-45764	+	GC_rich	Low_complexity	Low_complexity	1	59	0	4
585	323	194	0	95	chrUn0821	5729	5803	-45528	+	LTR27_OC	LTR	ERV1	310	376	-18	4
585	1984	155	163	26	chrUn0821	5985	6402	-44929	+	LTR22_OC	LTR	ERV1	1	474	0	4
585	2749	41	9	20	chrUn0821	8157	8506	-42825	-	CSINE3A	SINE	SINE	-4	346	2	4
585	648	194	109	22	chrUn0821	8617	8801	-42530	+	LTR27_OC	LTR	ERV1	24	223	-171	4
585	1719	133	141	16	chrUn0821	9067	9332	-41999	+	CSINE2	SINE	SINE	1	300	-44	4
585	315	0	0	0	chrUn0821	9332	9367	-41964	+	(TC)n	Simple_repeat	Simple_repeat	2	36	0	4
585	1719	133	141	16	chrUn0821	9367	9406	-41925	+	CSINE2	SINE	SINE	301	343	-1	4
585	326	255	156	12	chrUn0821	9409	9576	-41755	+	L1MD	LINE	L1	4650	4840	-1306	4
585	1692	185	14	0	chrUn0821	10121	10407	-40924	+	CSINE2	SINE	SINE	1	290	-54	4
589	2401	103	39	0	chrUn0119	625979	626310	-320851	-	CSINE2	SINE	SINE	0	344	1	3
589	553	207	126	6	chrUn0119	627094	627269	-319892	+	LTR27_OC	LTR	ERV1	24	219	-175	3
589	2205	127	12	17	chrUn0119	627544	627888	-319273	+	CSINE2	SINE	SINE	1	342	-2	3
589	306	249	156	12	chrUn0119	627891	628058	-319103	+	L1MD	LINE	L1	4650	4840	-1306	3
589	1432	191	12	0	chrUn0119	628604	628860	-318301	+	CSINE2	SINE	SINE	1	259	-85	3
589	225	0	0	0	chrUn0119	628860	628885	-318276	+	(TC)n	Simple_repeat	Simple_repeat	1	25	0	3
1762	2396	117	18	0	chr2	154325770	154326104	-20006208	-	CSINE1	SINE	SINE	0	340	1	2
1762	1629	187	26	26	chr2	154326191	154326531	-20005781	-	CSINE2	SINE	SINE	-3	341	2	2
1762	708	289	121	24	chr2	154326575	154326987	-20005325	-	L2a	LINE	L2	0	3426	2975	2
1762	519	277	29	7	chr2	154327124	154327262	-20005050	+	CSINE2	SINE	SINE	133	273	-71	2
1762	425	309	54	61	chr2	154327545	154327858	-20004454	-	L2a	LINE	L2	-464	2955	2645	2
1762	2216	75	6	27	chr2	154327858	154328187	-20004125	+	CSINE3A	SINE	SINE	1	322	-28	2
1762	453	248	73	67	chr2	154328481	154328645	-20003667	-	L1A_Oc	LINE	L1	-1321	5176	5012	2
1762	947	309	64	21	chr2	154328656	154329172	-20003140	-	L2a	LINE	L2	-1198	2221	1684	2
1762	2285	94	45	9	chr2	154329627	154329960	-20002352	-	CSINE3A	SINE	SINE	-5	345	1	2
1762	23	33	0	0	chr2	154330023	154330053	-20002259	+	AT_rich	Low_complexity	Low_complexity	1	30	0	2
1762	1804	151	39	21	chr2	154330119	154330450	-20001862	-	CSINE2	SINE	SINE	-7	337	1	2
1762	22	0	0	0	chr2	154330628	154330650	-20001662	+	AT_rich	Low_complexity	Low_complexity	1	22	0	2
1113	22	88	0	0	chr18	69217526	69217583	-583153	+	AT_rich	Low_complexity	Low_complexity	1	57	0	1
1113	664	220	28	6	chr18	69217835	69218013	-582723	-	L1MA5	LINE	L1	-10	6290	6109	1
1113	1552	160	86	25	chr18	69219111	69219426	-581310	+	CSINE2	SINE	SINE	1	334	-10	1
1113	2145	112	82	3	chr18	69219426	69219739	-580997	-	CSINE1	SINE	SINE	0	340	1	1
1113	319	355	25	0	chr18	69220733	69220854	-579882	-	L1ME3B	LINE	L1	-8	6234	6111	1
1113	674	267	0	40	chr18	69221305	69221504	-579232	-	CSINE1	SINE	SINE	-69	271	81	1
714	771	280	110	65	chr17	16995468	16995823	-68012644	-	MLT1A	LTR	ERVL-MaLR	0	374	4	1
714	2665	27	43	29	chr17	16995974	16996319	-68012148	-	CSINE3A	SINE	SINE	0	350	1	1
714	282	191	16	16	chr17	16996509	16996573	-68011894	-	U2	snRNA	snRNA	-124	64	1	1
714	1952	102	85	21	chr17	16997168	16997497	-68010970	-	CSINE3A	SINE	SINE	0	350	1	1
714	623	249	118	27	chr17	16997895	16998081	-68010386	+	CSINE2	SINE	SINE	67	269	-75	1
714	2433	45	45	6	chr17	16998134	16998447	-68010020	-	CSINE3A	SINE	SINE	-17	333	9	1
714	1607	97	131	0	chr17	16998542	16998801	-68009666	+	CSINE2	SINE	SINE	46	338	-6	1
714	738	315	15	42	chr17	16998827	16999089	-68009378	+	CSINE2	SINE	SINE	43	297	-47	1
714	1986	163	14	23	chr17	16999195	16999541	-68008926	+	CSINE2	SINE	SINE	1	343	-1	1
714	1649	178	53	56	chr17	16999579	16999918	-68008549	-	CSINE2	SINE	SINE	-3	341	4	1
1377	1984	107	70	12	chr7	103877723	103878054	-69806405	+	CSINE3A	SINE	SINE	1	350	0	2
1377	749	150	37	24	chr7	103878620	103878784	-69805675	+	MER5A1	DNA	hAT-Charlie	1	166	0	2
1377	216	0	0	0	chr7	103879089	103879113	-69805346	+	(TTTA)n	Simple_repeat	Simple_repeat	2	25	0	2
1377	1968	135	3	31	chr7	103879113	103879435	-69805024	-	CSINE2	SINE	SINE	-31	313	1	2
1377	1705	139	33	13	chr7	103880458	103880757	-69803702	+	CSINE2	SINE	SINE	37	341	-3	2
1377	356	155	14	0	chr7	103881477	103881548	-69802911	+	CT-rich	Low_complexity	Low_complexity	2	73	0	2
1377	1282	198	55	22	chr7	103881634	103881908	-69802551	-	CSINE2	SINE	SINE	-4	340	58	2
589	1915	132	68	9	chrUn0119	629706	630027	-317134	-	CSINE1	SINE	SINE	0	340	1	3
589	1802	167	69	3	chrUn0119	630219	630537	-316624	+	CSINE1	SINE	SINE	2	340	0	3
589	2257	53	13	0	chrUn0119	630743	631043	-316118	-	CSINE3A	SINE	SINE	-8	342	39	3
589	1193	54	5	11	chrUn0119	632225	632411	-314750	+	L1A_Oc	LINE	L1	6268	6452	-45	3
589	207	100	0	0	chrUn0119	632674	632704	-314457	+	(CTTA)n	Simple_repeat	Simple_repeat	2	31	0	3
589	1532	160	60	3	chrUn0119	632704	632987	-314174	-	CSINE1	SINE	SINE	-32	308	10	3
589	1617	140	164	3	chrUn0119	633649	633936	-313225	-	CSINE2	SINE	SINE	-10	334	2	3
589	2880	35	8	20	chrUn0119	633971	634325	-312836	-	CSINE3A	SINE	SINE	0	350	1	3
585	1692	185	14	0	chrUn0821	10121	10407	-40924	+	CSINE2	SINE	SINE	1	290	-54	4
585	207	0	0	0	chrUn0821	11230	11253	-40078	+	(TTTTC)n	Simple_repeat	Simple_repeat	2	24	0	4
585	1833	122	30	13	chrUn0821	11262	11561	-39770	-	CSINE1	SINE	SINE	-36	304	1	4
585	1843	170	40	3	chrUn0821	11754	12079	-39252	+	CSINE1	SINE	SINE	2	338	-2	4
585	2424	50	13	0	chrUn0821	12289	12589	-38742	-	CSINE3A	SINE	SINE	-8	342	39	4
585	258	105	0	0	chrUn0821	14019	14057	-37274	+	(CTTA)n	Simple_repeat	Simple_repeat	2	39	0	4
585	1517	164	91	4	chrUn0821	14057	14332	-36999	-	CSINE1	SINE	SINE	-32	308	10	4
585	1716	133	132	3	chrUn0821	14983	15018	-36313	-	CSINE2	SINE	SINE	-10	334	299	4
585	363	23	0	0	chrUn0821	15018	15062	-36269	+	(GA)n	Simple_repeat	Simple_repeat	2	45	0	4
585	1716	133	132	3	chrUn0821	15062	15321	-36010	-	CSINE2	SINE	SINE	-46	298	3	4
1161	2171	142	18	0	chr1	75612688	75613025	-119237732	-	CSINE2	SINE	SINE	-1	343	1	1
1161	1773	178	55	12	chr1	75613312	75613642	-119237115	-	CSINE2	SINE	SINE	0	344	1	1
1161	2640	42	48	0	chr1	75613761	75614092	-119236665	-	CSINE3A	SINE	SINE	0	350	4	1
1161	1830	174	65	6	chr1	75614170	75614493	-119236264	+	CSINE2	SINE	SINE	2	343	-1	1
1161	2230	139	15	6	chr1	75614768	75615107	-119235650	-	CSINE2	SINE	SINE	-2	342	1	1
1161	204	231	0	0	chr1	75615420	75615459	-119235298	+	(CATATA)n	Simple_repeat	Simple_repeat	6	44	0	1
1161	1445	156	71	113	chr1	75616149	75616360	-119234397	+	CSINE2	SINE	SINE	2	188	-156	1
1161	2050	148	36	3	chr1	75616360	75616693	-119234064	-	CSINE2	SINE	SINE	0	344	1	1
1161	1445	156	71	113	chr1	75616693	75616835	-119233922	+	CSINE2	SINE	SINE	189	340	-4	1
585	2749	41	9	20	chrUn0821	8157	8506	-42825	-	CSINE3A	SINE	SINE	-4	346	2	4
585	648	194	109	22	chrUn0821	8617	8801	-42530	+	LTR27_OC	LTR	ERV1	24	223	-171	4
585	1719	133	141	16	chrUn0821	9067	9332	-41999	+	CSINE2	SINE	SINE	1	300	-44	4
585	315	0	0	0	chrUn0821	9332	9367	-41964	+	(TC)n	Simple_repeat	Simple_repeat	2	36	0	4
585	1719	133	141	16	chrUn0821	9367	9406	-41925	+	CSINE2	SINE	SINE	301	343	-1	4
585	326	255	156	12	chrUn0821	9409	9576	-41755	+	L1MD	LINE	L1	4650	4840	-1306	4
585	1692	185	14	0	chrUn0821	10121	10407	-40924	+	CSINE2	SINE	SINE	1	290	-54	4
585	207	0	0	0	chrUn0821	11230	11253	-40078	+	(TTTTC)n	Simple_repeat	Simple_repeat	2	24	0	4
585	1833	122	30	13	chrUn0821	11262	11561	-39770	-	CSINE1	SINE	SINE	-36	304	1	4
585	1843	170	40	3	chrUn0821	11754	12079	-39252	+	CSINE1	SINE	SINE	2	338	-2	4
585	2424	50	13	0	chrUn0821	12289	12589	-38742	-	CSINE3A	SINE	SINE	-8	342	39	4
719	1242	288	120	27	chr18	17573545	17574202	-52226534	+	MER21C	LTR	ERVL	125	842	-96	1
719	1228	148	62	0	chr18	17574323	17574532	-52226204	+	CSINE2	SINE	SINE	121	342	-2	1
719	920	282	93	13	chr18	17575164	17575714	-52225022	-	L1M4	LINE	L1	-1240	4906	4313	1
719	2570	36	39	3	chr18	17576100	17576433	-52224303	-	CSINE3A	SINE	SINE	-4	346	2	1
719	2372	64	70	6	chr18	17576510	17576838	-52223898	-	CSINE3A	SINE	SINE	-1	349	1	1
719	1287	164	0	0	chr18	17577589	17577808	-52222928	-	CSINE1	SINE	SINE	-120	220	2	1
719	2472	68	17	12	chr18	17577837	17578182	-52222554	-	CSINE3A	SINE	SINE	-3	347	1	1
719	1164	108	127	32	chr18	17578273	17578494	-52222242	+	CSINE2	SINE	SINE	101	342	-2	1
719	416	131	31	50	chr18	17578544	17578705	-52222031	+	(TTAGGG)n	Simple_repeat	Simple_repeat	6	163	0	1
719	369	188	18	41	chr18	17578741	17579018	-52221718	+	(TTAGGG)n	Simple_repeat	Simple_repeat	1	270	0	1
1161	2171	142	18	0	chr1	75612688	75613025	-119237732	-	CSINE2	SINE	SINE	-1	343	1	1
1161	1773	178	55	12	chr1	75613312	75613642	-119237115	-	CSINE2	SINE	SINE	0	344	1	1
1161	2640	42	48	0	chr1	75613761	75614092	-119236665	-	CSINE3A	SINE	SINE	0	350	4	1
1161	1830	174	65	6	chr1	75614170	75614493	-119236264	+	CSINE2	SINE	SINE	2	343	-1	1
1161	2230	139	15	6	chr1	75614768	75615107	-119235650	-	CSINE2	SINE	SINE	-2	342	1	1
1161	204	231	0	0	chr1	75615420	75615459	-119235298	+	(CATATA)n	Simple_repeat	Simple_repeat	6	44	0	1
1161	1445	156	71	113	chr1	75616149	75616360	-119234397	+	CSINE2	SINE	SINE	2	188	-156	1
1161	2050	148	36	3	chr1	75616360	75616693	-119234064	-	CSINE2	SINE	SINE	0	344	1	1
1161	1445	156	71	113	chr1	75616693	75616835	-119233922	+	CSINE2	SINE	SINE	189	340	-4	1
1062	1003	251	114	29	chr17	62650111	62650427	-22358040	+	CSINE2	SINE	SINE	1	343	-1	1
1062	2493	267	46	73	chr17	62650438	62651294	-22357173	-	L1MCa	LINE	L1	-5612	896	64	1
1062	1322	178	131	29	chr17	62651294	62651600	-22356867	-	CSINE2	SINE	SINE	-4	340	4	1
1062	2493	267	46	73	chr17	62651600	62651664	-22356803	-	L1MCa	LINE	L1	-6445	63	1	1
1062	1238	238	26	53	chr17	62651828	62652170	-22356297	+	CSINE2	SINE	SINE	10	342	-2	1
1063	2237	109	45	12	chr17	62653175	62653508	-22354959	-	CSINE2	SINE	SINE	0	344	1	1
1063	205	156	0	0	chr17	62653968	62654000	-22354467	+	(TG)n	Simple_repeat	Simple_repeat	2	33	0	1
1063	1017	232	104	16	chr17	62654070	62654125	-22354342	-	CSINE2	SINE	SINE	-10	334	260	1
1063	234	0	0	0	chr17	62654125	62654151	-22354316	+	(TAGA)n	Simple_repeat	Simple_repeat	3	28	0	1
1063	1017	232	104	16	chr17	62654151	62654402	-22354065	-	CSINE2	SINE	SINE	-85	259	1	1
1063	1580	191	30	18	chr17	62654977	62655313	-22353154	-	CSINE2	SINE	SINE	-4	340	1	1
1137	1142	314	126	36	chr16	72412159	72412939	-12066006	+	L2a	LINE	L2	2554	3426	0	1
1137	301	256	11	32	chr16	72414287	72414380	-12064565	+	LTR88b	LTR	Gypsy?	36	126	-711	1
1137	239	327	28	19	chr16	72415080	72415186	-12063759	+	LTR85c	LTR	Gypsy?	492	598	-225	1
1137	1039	291	41	0	chr16	72415389	72415684	-12063261	+	MLT1E2	LTR	ERVL-MaLR	320	626	-1	1
1137	763	323	134	31	chr16	72415879	72416298	-12062647	+	LTR16B2	LTR	ERVL	1	462	0	1
1161	1830	174	65	6	chr1	75614170	75614493	-119236264	+	CSINE2	SINE	SINE	2	343	-1	1
1161	2230	139	15	6	chr1	75614768	75615107	-119235650	-	CSINE2	SINE	SINE	-2	342	1	1
1161	204	231	0	0	chr1	75615420	75615459	-119235298	+	(CATATA)n	Simple_repeat	Simple_repeat	6	44	0	1
1161	1445	156	71	113	chr1	75616149	75616360	-119234397	+	CSINE2	SINE	SINE	2	188	-156	1
1161	2050	148	36	3	chr1	75616360	75616693	-119234064	-	CSINE2	SINE	SINE	0	344	1	1
1161	1445	156	71	113	chr1	75616693	75616835	-119233922	+	CSINE2	SINE	SINE	189	340	-4	1
1161	2689	26	8	45	chr1	75617744	75618101	-119232656	-	CSINE3A	SINE	SINE	-5	345	2	1
1161	331	299	0	10	chr1	75618183	75618281	-119232476	-	CSINE2	SINE	SINE	-120	224	128	1
1161	1670	113	29	0	chr1	75618268	75618506	-119232251	+	CSINE1	SINE	SINE	80	324	-16	1
1161	2132	116	30	27	chr1	75618799	75619137	-119231620	-	CSINE2	SINE	SINE	-5	339	1	1
586	1358	251	32	32	chrUn0088	212473	212811	-952474	-	CSINE1	SINE	SINE	-1	339	2	3
586	221	345	16	124	chrUn0088	214372	214501	-950784	-	MIR	SINE	MIR	-31	231	117	3
586	255	364	53	8	chrUn0088	214523	214656	-950629	+	MIRb	SINE	MIR	40	178	-90	3
586	675	294	86	86	chrUn0088	215099	215244	-950041	-	MER2	DNA	TcMar-Tigger	0	345	215	3
586	1251	203	153	20	chrUn0088	215244	215545	-949740	-	CSINE2	SINE	SINE	-1	343	3	3
586	675	294	86	86	chrUn0088	215545	215738	-949547	-	MER2	DNA	TcMar-Tigger	-131	214	7	3
586	220	331	66	44	chrUn0088	216163	216299	-948986	-	L2	LINE	L2	-475	2944	2806	3
586	270	0	0	0	chrUn0088	216312	216342	-948943	+	(GA)n	Simple_repeat	Simple_repeat	2	31	0	3
700	355	250	133	21	chr13	15102594	15102737	-128258095	+	L1ME2z	LINE	L1	5951	6109	-335	7
700	229	330	40	0	chr13	15103333	15103433	-128257399	-	MIRb	SINE	MIR	-156	112	9	7
700	529	213	15	66	chr13	15103746	15103799	-128257033	+	CSINE2	SINE	SINE	163	212	-132	7
700	3126	58	75	8	chr13	15103799	15104198	-128256634	-	LTR4A_OC	LTR	ERVK?	0	426	1	7
700	529	213	15	66	chr13	15104198	15104280	-128256552	+	CSINE2	SINE	SINE	213	291	-53	7
700	215	213	0	41	chr13	15104596	15104645	-128256187	+	A-rich	Low_complexity	Low_complexity	2	48	0	7
963	379	247	144	6	chr7	49549829	49549996	-124134463	+	L1MD	LINE	L1	4651	4840	-1306	2
963	1635	199	36	6	chr7	49550551	49550885	-124133574	+	CSINE2	SINE	SINE	1	344	0	2
963	1365	169	0	21	chr7	49550890	49551132	-124133327	+	CSINE1	SINE	SINE	1	237	-103	2
963	1111	218	109	32	chr7	49551180	49551464	-124132995	+	CSINE2	SINE	SINE	38	343	-1	2
1550	683	267	40	67	chr7	126582245	126582542	-47101917	-	CSINE2	SINE	SINE	-55	289	1	2
1550	443	294	36	51	chr7	126583049	126583325	-47101134	+	L1MA6	LINE	L1	6026	6297	-3	2
1550	284	320	96	10	chr7	126584170	126584274	-47100185	-	MIRb	SINE	MIR	-40	228	116	2
1550	249	281	52	0	chr7	126584911	126584995	-47099464	+	MIR	SINE	MIR	8	98	-170	2
1550	241	182	70	5	chr7	126585759	126585825	-47098634	+	L1M	LINE	L1	5341	5408	-763	2
1550	1541	217	12	9	chr7	126585834	126586169	-47098290	-	CSINE2	SINE	SINE	-5	339	4	2
611	607	282	77	5	chrUn0008	3433230	3433437	-2353784	-	L1M3e	LINE	L1	-6757	273	52	3
611	469	265	122	0	chrUn0008	3433760	3433907	-2353314	-	CSINE2	SINE	SINE	-14	330	166	3
611	2662	48	3	0	chrUn0008	3434137	3434474	-2352747	+	CSINE3A	SINE	SINE	1	338	-12	3
611	885	284	8	27	chrUn0008	3435201	3435462	-2351759	+	CSINE1	SINE	SINE	1	256	-84	3
611	270	0	0	0	chrUn0008	3435462	3435492	-2351729	+	(TC)n	Simple_repeat	Simple_repeat	1	30	0	3
611	261	0	0	0	chrUn0008	3435492	3435520	-2351701	+	(CA)n	Simple_repeat	Simple_repeat	1	29	0	3
611	322	164	0	0	chrUn0008	3435796	3435863	-2351358	-	L1M4	LINE	L1	-3704	2442	2376	3
611	280	274	69	23	chrUn0008	3435889	3436020	-2351201	+	MLT1H	LTR	ERVL-MaLR	21	157	-392	3
611	609	293	201	67	chrUn0008	3436325	3436968	-2350253	+	MLT1H-int	LTR	ERVL-MaLR	1	729	-680	3
611	304	224	0	0	chrUn0008	3436968	3437035	-2350186	+	L1MB4	LINE	L1	5150	5216	-930	3
611	2577	216	88	49	chrUn0008	3437211	3438043	-2349178	+	L1MB4	LINE	L1	5283	6146	-34	3
657	1692	291	87	28	chr12	9549301	9550080	-145805315	+	MER21C	LTR	ERVL	13	903	-35	5
657	2050	128	17	69	chr12	9550171	9550533	-145804862	-	CSINE2	SINE	SINE	0	344	2	5
657	483	247	76	72	chr12	9550906	9551142	-145804253	-	CSINE2	SINE	SINE	-55	289	53	5
657	779	263	91	25	chr12	9551191	9551675	-145803720	-	L1M4	LINE	L1	-1262	4884	4369	5
657	1106	201	33	10	chr12	9551829	9551944	-145803451	+	L1MA4	LINE	L1	5673	5786	-511	5
657	222	37	0	0	chr12	9551944	9551971	-145803424	+	(CA)n	Simple_repeat	Simple_repeat	2	28	0	5
657	1106	195	33	9	chr12	9551971	9552123	-145803272	+	L1MA4	LINE	L1	5787	5942	-355	5
657	1269	122	35	15	chr12	9552134	9552333	-145803062	-	CSINE2	SINE	SINE	-139	205	3	5
657	442	298	65	38	chr12	9552427	9552612	-145802783	-	L1M4	LINE	L1	-1981	4165	3976	5
657	529	322	89	29	chr12	9552619	9552932	-145802463	-	CSINE2	SINE	SINE	-8	336	5	5
657	529	300	79	7	chr12	9552936	9553215	-145802180	-	L1M4	LINE	L1	-2158	3988	3690	5
657	596	167	9	40	chr12	9553371	9553902	-145801493	+	(TTAGGG)n	Simple_repeat	Simple_repeat	1	514	0	5
657	2497	48	44	20	chr12	9553919	9554260	-145801135	-	CSINE3A	SINE	SINE	0	350	2	5
657	281	170	14	43	chr12	9554315	9554456	-145800939	+	(TTAGGG)n	Simple_repeat	Simple_repeat	4	140	0	5
721	1328	220	117	10	chr4	17868735	17869043	-73525057	-	CSINE2	SINE	SINE	-2	342	2	2
721	22	0	0	0	chr4	17869217	17869239	-73524861	+	AT_rich	Low_complexity	Low_complexity	1	22	0	2
721	182	203	0	0	chr4	17870136	17870177	-73523923	-	MIR3	SINE	MIR	-184	78	38	2
721	2936	43	12	0	chr4	17870253	17870599	-73523501	-	CSINE3A	SINE	SINE	0	350	1	2
721	364	289	157	44	chr4	17870662	17871105	-73522995	+	L1MC5	LINE	L1	7145	7490	-552	2
721	1059	152	31	10	chr4	17871147	17871340	-73522760	+	CSINE2	SINE	SINE	1	197	-147	2
721	286	328	76	0	chr4	17871713	17871832	-73522268	+	MIRb	SINE	MIR	14	141	-127	2
721	1426	217	44	9	chr4	17872298	17872615	-73521485	+	CSINE1	SINE	SINE	13	340	0	2
721	828	230	123	84	chr4	17873175	17873484	-73520616	-	MER2	DNA	TcMar-Tigger	0	345	25	2
721	323	325	16	39	chr4	17873844	17873972	-73520128	+	L1MD2	LINE	L1	6068	6192	-167	2
585	358	169	14	14	chrUn1133	12930	13002	-14689	+	tRNA-Gln-CAA_	tRNA	tRNA	1	72	-3	4
585	531	120	0	0	chrUn1133	14021	14096	-13595	-	tRNA-Leu-TTA(m)	tRNA	tRNA	-3	75	1	4
585	880	229	0	15	chrUn0590	44330	44525	-45218	+	CSINE1	SINE	SINE	6	197	-143	4
585	757	231	16	217	chrUn0590	44532	44668	-45075	+	L1M2	LINE	L1	4284	4416	-2081	4
585	2439	121	6	0	chrUn0590	44668	45016	-44727	+	CSINE3A	SINE	SINE	1	350	0	4
585	776	244	15	209	chrUn0590	45016	45294	-44449	+	L1M2	LINE	L1	4417	4594	-1903	4
585	2679	70	9	0	chrUn0590	45294	45639	-44104	+	CSINE3A	SINE	SINE	2	349	-1	4
585	952	208	9	33	chrUn0590	45639	45887	-43856	+	L1M2	LINE	L1	5461	5694	-597	4
585	730	241	140	11	chrUn0590	46066	46330	-43413	+	CSINE2	SINE	SINE	47	344	0	4
585	219	88	0	0	chrUn0590	47128	47162	-42581	+	(CA)n	Simple_repeat	Simple_repeat	1	34	0	4
585	23	0	0	0	chrUn0590	47599	47622	-42121	+	AT_rich	Low_complexity	Low_complexity	1	23	0	4
585	357	276	84	31	chrUn0590	48017	48208	-41535	+	CSINE2	SINE	SINE	142	342	-2	4
585	354	45	0	0	chrUn0590	49390	49434	-40309	+	(TA)n	Simple_repeat	Simple_repeat	1	44	0	4
586	846	251	16	16	chrUn0360	183266	183460	-21306	+	CSINE1	SINE	SINE	4	197	-143	3
586	767	249	18	215	chrUn0360	183467	183603	-21163	+	L1M2	LINE	L1	4284	4394	-2103	3
586	2658	109	6	0	chrUn0360	183603	183951	-20815	+	CSINE3A	SINE	SINE	1	350	0	3
586	767	249	18	215	chrUn0360	183951	184232	-20534	+	L1M2	LINE	L1	4395	4598	-1899	3
586	2899	61	9	0	chrUn0360	184232	184576	-20190	+	CSINE3A	SINE	SINE	2	348	-2	3
586	1037	217	9	33	chrUn0360	184576	184824	-19942	+	L1M2	LINE	L1	5461	5694	-597	3
586	803	249	140	11	chrUn0360	185002	185266	-19500	+	CSINE2	SINE	SINE	47	344	0	3
586	222	192	0	0	chrUn0360	186050	186102	-18664	+	(CA)n	Simple_repeat	Simple_repeat	1	52	0	3
586	476	253	94	39	chrUn0360	186958	187139	-17627	+	CSINE2	SINE	SINE	150	340	-4	3
585	834	239	23	4	chrUn0722	27528	27793	-36262	+	L1MA4	LINE	L1	5108	5377	-766	4
585	790	246	16	16	chrUn0722	27798	27992	-36063	+	CSINE1	SINE	SINE	4	197	-143	4
585	384	255	29	146	chrUn0722	27995	28135	-35920	+	L1M2	LINE	L1	5152	5289	-854	4
585	2559	106	6	0	chrUn0722	28135	28483	-35572	+	CSINE3A	SINE	SINE	1	350	0	4
585	400	221	55	39	chrUn0722	28483	28650	-35405	+	L1M2	LINE	L1	5290	5430	-861	4
585	258	229	0	0	chrUn0722	29055	29125	-34930	+	(CA)n	Simple_repeat	Simple_repeat	1	70	0	4
585	365	294	77	33	chrUn0722	29982	30165	-33890	+	CSINE2	SINE	SINE	150	340	-4	4
585	282	236	0	0	chrUn0722	30904	30959	-33096	-	ERVNOC_LTR	LTR	ERVK	0	482	428	4
585	414	57	0	0	chrUn0722	30923	30976	-33079	+	ERVNOC_LTR	LTR	ERVK	430	482	0	4
585	6753	23	10	0	chrUn0892	0	821	-45032	-	L1A_Oc	LINE	L1	-300	6197	5369	4
585	835	235	23	4	chrUn0892	1477	1742	-44111	+	L1M2	LINE	L1	5108	5377	-766	4
585	794	241	16	16	chrUn0892	1747	1941	-43912	+	CSINE1	SINE	SINE	4	197	-143	4
585	619	271	9	156	chrUn0892	1945	2084	-43769	+	L1M2	LINE	L1	4281	4393	-2104	4
585	2521	107	6	0	chrUn0892	2084	2431	-43422	+	CSINE3A	SINE	SINE	1	349	-1	4
585	1047	231	19	88	chrUn0892	2431	2922	-42931	+	L1M2	LINE	L1	5443	5694	-597	4
585	690	249	140	11	chrUn0892	3101	3365	-42488	+	CSINE2	SINE	SINE	47	344	0	4
585	243	217	0	0	chrUn0892	4133	4193	-41660	+	(CA)n	Simple_repeat	Simple_repeat	1	60	0	4
585	236	309	23	23	chrUn0455	127916	128002	-11322	+	MER5A	DNA	hAT-Charlie	78	163	-26	3
585	831	246	23	4	chrUn0455	129694	129959	-9365	+	L1M2	LINE	L1	5108	5377	-766	3
585	889	227	0	15	chrUn0455	129964	130161	-9163	+	CSINE1	SINE	SINE	4	197	-143	3
585	785	269	17	174	chrUn0455	130168	130303	-9021	+	L1M2	LINE	L1	4284	4416	-2081	3
585	2379	109	29	3	chrUn0455	130303	130644	-8680	+	CSINE3A	SINE	SINE	1	350	0	3
73	1019	232	23	98	chrUn0455	130644	131143	-8181	+	L1M2	LINE	L1	5443	5694	-597	3
586	657	253	140	11	chrUn0455	131322	131586	-7738	+	CSINE2	SINE	SINE	47	344	0	3
586	243	217	0	0	chrUn0455	132353	132413	-6911	+	(CA)n	Simple_repeat	Simple_repeat	1	60	0	3
588	842	239	23	4	chrUn0227	430847	431112	-157677	+	L1M2	LINE	L1	5108	5377	-766	3
588	878	237	0	15	chrUn0227	431117	431314	-157475	+	CSINE1	SINE	SINE	4	197	-143	3
588	789	269	5	152	chrUn0227	431321	431457	-157332	+	L1A_Oc	LINE	L1	4284	4416	-2081	3
588	2398	110	17	3	chrUn0227	431457	431802	-156987	+	CSINE3A	SINE	SINE	1	350	0	3
588	1001	250	6	83	chrUn0227	431802	432304	-156485	+	L1A_Oc	LINE	L1	5450	5706	-591	3
588	642	269	137	11	chrUn0227	432471	432734	-156055	+	CSINE2	SINE	SINE	44	339	-1	3
588	294	194	0	0	chrUn0227	433502	433564	-155225	+	(CA)n	Simple_repeat	Simple_repeat	1	62	0	3
686	2459	271	77	43	chr4	13249840	13250836	-78143264	-	L1MB7	LINE	L1	-906	5240	4211	2
686	431	288	94	22	chr4	13250882	13251063	-78143037	+	L2	LINE	L2	2725	2918	-501	2
686	299	283	11	0	chr4	13251458	13251550	-78142550	-	L1A_Oc	LINE	L1	-1376	5121	5029	2
686	529	175	24	6	chr4	13251720	13251887	-78142213	+	(TG)n	Simple_repeat	Simple_repeat	2	171	0	2
686	290	203	30	0	chr4	13251907	13252040	-78142060	+	(TG)n	Simple_repeat	Simple_repeat	1	137	0	2
686	1386	93	9	9	chr4	13253015	13253233	-78140867	-	L1A_Oc	LINE	L1	-39	6458	6241	2
686	299	283	11	0	chr4	13251458	13251550	-78142550	-	L1A_Oc	LINE	L1	-1376	5121	5029	2
686	529	175	24	6	chr4	13251720	13251887	-78142213	+	(TG)n	Simple_repeat	Simple_repeat	2	171	0	2
686	290	203	30	0	chr4	13251907	13252040	-78142060	+	(TG)n	Simple_repeat	Simple_repeat	1	137	0	2
686	1386	93	9	9	chr4	13253015	13253233	-78140867	-	L1A_Oc	LINE	L1	-39	6458	6241	2
686	1069	240	243	41	chr4	13248147	13248592	-78145508	-	L1MB7	LINE	L1	-316	5852	5306	2
686	2062	133	89	0	chr4	13248592	13248908	-78145192	-	CSINE2	SINE	SINE	0	344	1	2
686	1375	222	85	12	chr4	13248913	13249232	-78144868	-	CSINE2	SINE	SINE	0	344	3	2
686	1069	253	6	78	chr4	13249232	13249309	-78144791	-	L1MB7	LINE	L1	-841	5305	5235	2
686	1792	186	38	9	chr4	13249337	13249657	-78144443	+	CSINE1	SINE	SINE	1	329	-11	2
686	341	151	0	0	chr4	13249657	13249710	-78144390	-	L1A_Oc	LINE	L1	-61	6436	6384	2
686	2459	271	77	43	chr4	13249840	13250836	-78143264	-	L1MB7	LINE	L1	-906	5240	4211	2
686	431	288	94	22	chr4	13250882	13251063	-78143037	+	L2	LINE	L2	2725	2918	-501	2
686	299	283	11	0	chr4	13251458	13251550	-78142550	-	L1A_Oc	LINE	L1	-1376	5121	5029	2
686	529	175	24	6	chr4	13251720	13251887	-78142213	+	(TG)n	Simple_repeat	Simple_repeat	2	171	0	2
686	290	203	30	0	chr4	13251907	13252040	-78142060	+	(TG)n	Simple_repeat	Simple_repeat	1	137	0	2
686	1386	93	9	9	chr4	13253015	13253233	-78140867	-	L1A_Oc	LINE	L1	-39	6458	6241	2
585	358	169	14	14	chrUn1133	12930	13002	-14689	+	tRNA-Gln-CAA_	tRNA	tRNA	1	72	-3	4
585	531	120	0	0	chrUn1133	14021	14096	-13595	-	tRNA-Leu-TTA(m)	tRNA	tRNA	-3	75	1	4
585	358	169	14	14	chrUn1133	12930	13002	-14689	+	tRNA-Gln-CAA_	tRNA	tRNA	1	72	-3	4
585	531	120	0	0	chrUn1133	14021	14096	-13595	-	tRNA-Leu-TTA(m)	tRNA	tRNA	-3	75	1	4
585	2379	109	29	3	chrUn0455	130303	130644	-8680	+	CSINE3A	SINE	SINE	1	350	0	3
73	1019	232	23	98	chrUn0455	130644	131143	-8181	+	L1M2	LINE	L1	5443	5694	-597	3
586	657	253	140	11	chrUn0455	131322	131586	-7738	+	CSINE2	SINE	SINE	47	344	0	3
586	243	217	0	0	chrUn0455	132353	132413	-6911	+	(CA)n	Simple_repeat	Simple_repeat	1	60	0	3
586	369	154	15	0	chrUn0455	132544	132609	-6715	+	tRNA-Ser-TCA(m)	tRNA	tRNA	1	66	-7	3
586	876	165	15	20	chrUn0455	135186	135390	-3934	-	L1A_Oc	LINE	L1	-25	6472	6270	3
586	584	270	5	38	chrUn0455	135428	135613	-3711	+	CSINE2	SINE	SINE	2	180	-164	3
686	350	203	0	0	chr4	13257706	13257770	-78136330	+	tRNA-Ser-TCA(m)	tRNA	tRNA	1	64	-9	2
686	1370	162	4	40	chr4	13259091	13259341	-78134759	-	CSINE1	SINE	SINE	0	340	100	2
588	2398	110	17	3	chrUn0227	431457	431802	-156987	+	CSINE3A	SINE	SINE	1	350	0	3
588	1001	250	6	83	chrUn0227	431802	432304	-156485	+	L1A_Oc	LINE	L1	5450	5706	-591	3
588	642	269	137	11	chrUn0227	432471	432734	-156055	+	CSINE2	SINE	SINE	44	339	-1	3
588	294	194	0	0	chrUn0227	433502	433564	-155225	+	(CA)n	Simple_repeat	Simple_repeat	1	62	0	3
588	359	169	15	0	chrUn0227	433695	433760	-155029	+	tRNA-Ser-TCA(m)	tRNA	tRNA	1	66	-7	3
588	186	71	0	0	chrUn0227	436338	436366	-152423	+	(T)n	Simple_repeat	Simple_repeat	1	28	0	3
588	904	160	0	11	chrUn0227	436384	436561	-152228	-	L1A_Oc	LINE	L1	-53	6444	6270	3
588	557	275	5	38	chrUn0227	436599	436784	-152005	+	CSINE2	SINE	SINE	2	180	-164	3
686	350	203	0	0	chr4	13257706	13257770	-78136330	+	tRNA-Ser-TCA(m)	tRNA	tRNA	1	64	-9	2
686	1370	162	4	40	chr4	13259091	13259341	-78134759	-	CSINE1	SINE	SINE	0	340	100	2
585	44819	77	9	3	chrUn0722	37471	43897	-20158	+	L1A_Oc	LINE	L1	1	6466	-31	4
585	358	169	14	14	chrUn1133	12930	13002	-14689	+	tRNA-Gln-CAA_	tRNA	tRNA	1	72	-3	4
585	531	120	0	0	chrUn1133	14021	14096	-13595	-	tRNA-Leu-TTA(m)	tRNA	tRNA	-3	75	1	4
585	358	169	14	14	chrUn1133	12930	13002	-14689	+	tRNA-Gln-CAA_	tRNA	tRNA	1	72	-3	4
585	531	120	0	0	chrUn1133	14021	14096	-13595	-	tRNA-Leu-TTA(m)	tRNA	tRNA	-3	75	1	4
686	350	203	0	0	chr4	13257706	13257770	-78136330	+	tRNA-Ser-TCA(m)	tRNA	tRNA	1	64	-9	2
585	358	169	14	14	chrUn1133	12930	13002	-14689	+	tRNA-Gln-CAA_	tRNA	tRNA	1	72	-3	4
585	531	120	0	0	chrUn1133	14021	14096	-13595	-	tRNA-Leu-TTA(m)	tRNA	tRNA	-3	75	1	4
585	358	169	14	14	chrUn1133	12930	13002	-14689	+	tRNA-Gln-CAA_	tRNA	tRNA	1	72	-3	4
585	531	120	0	0	chrUn1133	14021	14096	-13595	-	tRNA-Leu-TTA(m)	tRNA	tRNA	-3	75	1	4
1011	631	254	35	33	chr18	55868748	55869197	-13931539	-	L1M2	LINE	L1	-4789	2060	1621	1
1011	487	273	73	7	chr18	55870492	55870643	-13930093	-	CSINE2	SINE	SINE	-59	285	125	1
1011	391	329	12	18	chr18	55870803	55870970	-13929766	+	L1ME3A	LINE	L1	5925	6090	-83	1
1011	189	330	68	25	chr18	55872812	55872930	-13927806	+	MIRb	SINE	MIR	88	210	-58	1
1011	1510	193	70	0	chr18	55873072	55873403	-13927333	+	L1A_Oc	LINE	L1	3291	3644	-2853	1
1011	1217	118	0	23	chr18	55873679	55873895	-13926841	-	L1A_Oc	LINE	L1	-46	6451	6241	1
1162	1104	197	145	30	chr1	75750826	75751130	-119099627	+	CSINE2	SINE	SINE	1	339	-5	1
1162	1391	139	73	12	chr1	75751120	75751182	-119099575	-	CSINE2	SINE	SINE	-5	339	261	1
1162	327	49	0	0	chr1	75751182	75751223	-119099534	+	(GA)n	Simple_repeat	Simple_repeat	1	41	0	1
1162	1391	139	73	12	chr1	75751223	75751407	-119099350	-	CSINE2	SINE	SINE	-84	260	78	1
1162	354	183	127	0	chr1	75751480	75751551	-119099206	-	ERVL-B4-int	LTR	ERVL	-3036	2678	2599	1
1162	322	391	43	35	chr1	75751973	75752230	-119098527	-	L1MEc	LINE	L1	-6097	303	45	1
1162	231	286	115	9	chr1	75752314	75752427	-119098330	-	L1MC5	LINE	L1	-555	7406	7282	1
1162	259	235	146	10	chr1	75752539	75752642	-119098115	-	L1MC5	LINE	L1	-737	7224	7108	1
1162	264	248	34	47	chr1	75752744	75752892	-119097865	+	L1M	LINE	L1	5283	5428	-2454	1
1162	639	245	84	63	chr1	75752972	75753259	-119097498	+	CSINE1	SINE	SINE	32	324	-16	1
1162	1493	208	64	15	chr1	75753262	75753590	-119097167	+	CSINE2	SINE	SINE	1	344	0	1
1162	663	175	8	0	chr1	75753721	75753841	-119096916	-	CSINE1	SINE	SINE	-219	121	1	1
1162	2090	132	12	3	chr1	75754792	75755112	-119095645	+	CSINE1	SINE	SINE	2	324	-16	1
1162	1520	138	187	0	chr1	75755368	75755651	-119095106	-	CSINE2	SINE	SINE	-3	341	6	1
854	1099	233	18	25	chr4	35266065	35266347	-56127753	+	CSINE2	SINE	SINE	61	340	-4	2
854	2113	124	30	12	chr4	35266358	35266692	-56127408	+	CSINE2	SINE	SINE	1	340	-4	2
854	635	244	21	54	chr4	35266704	35266890	-56127210	-	CSINE2	SINE	SINE	-68	276	97	2
854	1076	100	33	0	chr4	35266916	35267066	-56127034	-	CSINE3A	SINE	SINE	0	350	196	2
854	644	102	11	0	chr4	35267053	35267141	-56126959	-	CSINE3A	SINE	SINE	-260	90	2	2
854	1887	78	73	7	chr4	35267262	35267535	-56126565	+	CSINE2	SINE	SINE	50	340	-4	2
854	733	298	72	95	chr4	35267849	35268197	-56125903	-	CSINE2	SINE	SINE	-4	340	1	2
854	23	33	0	0	chr4	35268238	35268268	-56125832	+	AT_rich	Low_complexity	Low_complexity	1	30	0	2
854	592	262	174	16	chr4	35268297	35268479	-56125621	-	CSINE2	SINE	SINE	-62	282	71	2
854	1586	134	75	4	chr4	35268479	35268733	-56125367	+	CSINE1	SINE	SINE	2	273	-67	2
854	374	204	102	0	chr4	35268733	35268831	-56125269	+	CSINE1	SINE	SINE	232	339	-1	2
854	28	29	0	0	chr4	35268845	35268880	-56125220	+	AT_rich	Low_complexity	Low_complexity	1	35	0	2
854	552	0	11	100	chr4	35269041	35269131	-56124969	-	CSINE2	SINE	SINE	0	344	263	2
854	688	140	0	0	chr4	35269129	35269236	-56124864	-	CSINE2	SINE	SINE	-237	107	1	2
854	558	286	78	53	chr4	35269240	35269524	-56124576	-	CSINE1	SINE	SINE	-2	338	48	2
854	201	138	0	0	chr4	35269794	35269823	-56124277	+	(CA)n	Simple_repeat	Simple_repeat	1	29	0	2
854	314	98	0	19	chr4	35269823	35269875	-56124225	+	(TA)n	Simple_repeat	Simple_repeat	2	52	0	2
854	1237	220	27	8	chr4	35270041	35270302	-56123798	+	CSINE2	SINE	SINE	1	266	-78	2
854	669	261	52	40	chr4	35270891	35271142	-56122958	+	CSINE1	SINE	SINE	22	275	-65	2
642	3637	30	29	33	chr20	7598712	7599192	-25592140	-	ERVNOC_LTR	LTR	ERVK	0	482	5	2
642	470	345	92	0	chr20	7599751	7600055	-25591277	-	L2	LINE	L2	-710	2709	2378	2
642	498	108	0	0	chr20	7600079	7600153	-25591179	+	(TA)n	Simple_repeat	Simple_repeat	1	74	0	2
642	218	252	111	9	chr20	7600236	7600344	-25590988	-	L2	LINE	L2	-1219	2200	2082	2
642	265	271	70	49	chr20	7601908	7602047	-25589285	+	MIRb	SINE	MIR	59	216	-52	2
80	636	191	32	13	chr20	7602056	7602210	-25589122	+	L1MB3	LINE	L1	5685	5841	-333	2
643	1869	131	45	10	chr20	7602527	7602835	-25588497	+	CSINE1	SINE	SINE	1	319	-21	2
585	2921	20	8	20	chrUn2934	475	826	-4959	+	CSINE3A	SINE	SINE	1	347	-3	4
587	41820	49	97	3	chrUn0295	270813	275359	-12934	+	L1A_Oc	LINE	L1	1340	6451	-46	3
587	2052	110	78	21	chrUn0295	275489	275822	-12471	+	LTR29_OC	LTR	ERVK	31	382	-39	3
587	263	150	0	0	chrUn0295	275826	275866	-12427	-	CSINE2	SINE	SINE	-117	227	188	3
587	2165	128	30	3	chrUn0295	276258	276586	-11707	-	CSINE1	SINE	SINE	-3	337	1	3
587	194	356	16	73	chrUn0295	276605	276729	-11564	+	MIR	SINE	MIR	146	262	0	3
587	2863	20	9	20	chrUn0295	278880	279229	-9064	+	CSINE3A	SINE	SINE	1	345	-5	3
585	42199	48	98	4	chrUn0657	59060	63601	-11341	+	L1A_Oc	LINE	L1	1340	6449	-48	4
585	2375	101	70	19	chrUn0657	63731	64103	-10839	+	LTR29_OC	LTR	ERVK	31	421	0	4
585	260	150	0	0	chrUn0657	64103	64143	-10799	-	CSINE2	SINE	SINE	-117	227	188	4
585	1975	134	30	3	chrUn0657	64535	64863	-10079	-	CSINE1	SINE	SINE	-3	337	1	4
585	184	356	16	73	chrUn0657	64878	65002	-9940	+	MIR	SINE	MIR	146	262	0	4
585	23	78	0	0	chrUn0657	66239	66290	-8652	+	GC_rich	Low_complexity	Low_complexity	1	51	0	4
585	3552	42	17	17	chrUn0657	67067	67549	-7393	+	ERVNOC_LTR	LTR	ERVK	1	482	0	4
586	1400	141	99	0	chrUn0390	233035	233298	-57829	-	CSINE2	SINE	SINE	-5	339	51	3
586	497	332	131	42	chrUn0390	233462	233990	-57137	-	L1MD	LINE	L1	-2029	4117	3543	3
586	1463	158	4	4	chrUn0390	233990	234225	-56902	+	CSINE3A	SINE	SINE	1	235	-115	3
586	405	0	0	0	chrUn0390	234225	234270	-56857	+	(A)n	Simple_repeat	Simple_repeat	1	45	0	3
586	1713	110	166	7	chrUn0390	234308	234610	-56517	-	CSINE3A	SINE	SINE	0	350	1	3
586	410	275	134	59	chrUn0390	234617	235099	-56028	-	L1M5	LINE	L1	-2629	3517	2963	3
586	240	35	0	0	chrUn0390	235409	235438	-55689	+	(CAGAGA)n	Simple_repeat	Simple_repeat	2	30	0	3
586	346	175	0	0	chrUn0390	235438	235495	-55632	-	CSINE1	SINE	SINE	-74	266	210	3
586	1721	111	3	49	chrUn0390	235675	235960	-55167	+	L1B_Oc	LINE	L1	5	276	-611	3
586	189	0	0	0	chrUn0390	235994	236015	-55112	+	(GA)n	Simple_repeat	Simple_repeat	2	22	0	3
586	2855	20	9	20	chrUn0390	236242	236590	-54537	+	CSINE3A	SINE	SINE	1	344	-6	3
642	3637	30	29	33	chr20	7598712	7599192	-25592140	-	ERVNOC_LTR	LTR	ERVK	0	482	5	2
642	470	345	92	0	chr20	7599751	7600055	-25591277	-	L2	LINE	L2	-710	2709	2378	2
642	498	108	0	0	chr20	7600079	7600153	-25591179	+	(TA)n	Simple_repeat	Simple_repeat	1	74	0	2
642	218	252	111	9	chr20	7600236	7600344	-25590988	-	L2	LINE	L2	-1219	2200	2082	2
642	265	271	70	49	chr20	7601908	7602047	-25589285	+	MIRb	SINE	MIR	59	216	-52	2
80	636	191	32	13	chr20	7602056	7602210	-25589122	+	L1MB3	LINE	L1	5685	5841	-333	2
643	1869	131	45	10	chr20	7602527	7602835	-25588497	+	CSINE1	SINE	SINE	1	319	-21	2
585	358	169	14	14	chrUn1133	12930	13002	-14689	+	tRNA-Gln-CAA_	tRNA	tRNA	1	72	-3	4
585	531	120	0	0	chrUn1133	14021	14096	-13595	-	tRNA-Leu-TTA(m)	tRNA	tRNA	-3	75	1	4
585	714	231	0	0	chrUn1133	17858	18133	-9558	+	(CGTG)n	Simple_repeat	Simple_repeat	1	275	0	4
585	358	169	14	14	chrUn1133	12930	13002	-14689	+	tRNA-Gln-CAA_	tRNA	tRNA	1	72	-3	4
585	531	120	0	0	chrUn1133	14021	14096	-13595	-	tRNA-Leu-TTA(m)	tRNA	tRNA	-3	75	1	4
585	714	231	0	0	chrUn1133	17858	18133	-9558	+	(CGTG)n	Simple_repeat	Simple_repeat	1	275	0	4
586	2114	132	15	6	chrUn0313	163489	163824	-115443	-	CSINE3A	SINE	SINE	-11	339	2	3
586	32	26	0	0	chrUn0313	163834	163873	-115394	+	AT_rich	Low_complexity	Low_complexity	1	39	0	3
586	256	242	131	16	chrUn0313	164786	164908	-114359	-	L1MC	LINE	L1	-1678	4468	4333	3
586	202	128	0	25	chrUn0313	165920	165960	-113307	+	(TG)n	Simple_repeat	Simple_repeat	2	40	0	3
586	1392	168	81	87	chrUn0313	166328	166674	-112593	-	CSINE2	SINE	SINE	0	344	1	3
586	2711	53	3	0	chrUn0313	167354	167694	-111573	+	CSINE3A	SINE	SINE	1	341	-9	3
1162	1404	261	122	49	chr1	75748951	75749338	-119101419	-	ERVL-B4-int	LTR	ERVL	-1387	4327	3934	1
1162	1930	172	6	17	chr1	75749338	75749686	-119101071	-	CSINE2	SINE	SINE	0	344	1	1
1162	3970	225	118	25	chr1	75749686	75750822	-119099935	-	ERVL-B4-int	LTR	ERVL	-1781	3933	2670	1
1162	1104	197	145	30	chr1	75750826	75751130	-119099627	+	CSINE2	SINE	SINE	1	339	-5	1
1162	1391	139	73	12	chr1	75751120	75751182	-119099575	-	CSINE2	SINE	SINE	-5	339	261	1
1162	327	49	0	0	chr1	75751182	75751223	-119099534	+	(GA)n	Simple_repeat	Simple_repeat	1	41	0	1
1162	1391	139	73	12	chr1	75751223	75751407	-119099350	-	CSINE2	SINE	SINE	-84	260	78	1
1162	354	183	127	0	chr1	75751480	75751551	-119099206	-	ERVL-B4-int	LTR	ERVL	-3036	2678	2599	1
1162	322	391	43	35	chr1	75751973	75752230	-119098527	-	L1MEc	LINE	L1	-6097	303	45	1
1162	231	286	115	9	chr1	75752314	75752427	-119098330	-	L1MC5	LINE	L1	-555	7406	7282	1
1162	259	235	146	10	chr1	75752539	75752642	-119098115	-	L1MC5	LINE	L1	-737	7224	7108	1
1162	264	248	34	47	chr1	75752744	75752892	-119097865	+	L1M	LINE	L1	5283	5428	-2454	1
1162	639	245	84	63	chr1	75752972	75753259	-119097498	+	CSINE1	SINE	SINE	32	324	-16	1
1162	1493	208	64	15	chr1	75753262	75753590	-119097167	+	CSINE2	SINE	SINE	1	344	0	1
1162	663	175	8	0	chr1	75753721	75753841	-119096916	-	CSINE1	SINE	SINE	-219	121	1	1
593	1833	138	48	79	chrUn0050	1141284	1141638	-1006458	+	CSINE2	SINE	SINE	1	343	-1	3
593	1976	119	0	11	chrUn0050	1141969	1142250	-1005846	+	CSINE2	SINE	SINE	1	278	-66	3
593	583	254	8	15	chrUn0050	1142247	1142379	-1005717	-	CSINE2	SINE	SINE	-213	131	1	3
593	189	0	0	0	chrUn0050	1142402	1142423	-1005673	+	(TG)n	Simple_repeat	Simple_repeat	2	22	0	3
593	229	72	52	35	chrUn0050	1142423	1142470	-1005626	+	CSINE2	SINE	SINE	298	343	-1	3
593	1322	229	82	9	chrUn0050	1142571	1142888	-1005208	-	CSINE2	SINE	SINE	-4	340	1	3
593	207	0	0	0	chrUn0050	1143236	1143259	-1004837	+	(TAA)n	Simple_repeat	Simple_repeat	2	24	0	3
593	234	352	100	35	chrUn0050	1143296	1143496	-1004600	-	MIR	SINE	MIR	-51	217	3	3
593	310	154	26	0	chrUn0050	1143566	1143644	-1004452	+	(TA)n	Simple_repeat	Simple_repeat	1	80	0	3
593	2048	138	28	0	chrUn0050	1145132	1145457	-1002639	+	CSINE1	SINE	SINE	1	334	-6	3
593	549	279	97	69	chrUn0050	1145910	1146155	-1001941	+	CSINE1	SINE	SINE	12	260	-80	3
593	651	60	0	0	chrUn0050	1146155	1146239	-1001857	+	(TCTCCC)n	Simple_repeat	Simple_repeat	2	85	0	3
593	549	279	97	69	chrUn0050	1146239	1146312	-1001784	+	CSINE1	SINE	SINE	261	339	-1	3
585	1591	180	80	29	chrUn0657	12390	12704	-62238	-	CSINE2	SINE	SINE	-13	331	2	4
585	342	193	136	0	chrUn0657	12707	12795	-62147	+	CSINE2	SINE	SINE	240	339	-5	4
585	2063	152	27	6	chrUn0657	13531	13862	-61080	-	CSINE3A	SINE	SINE	-11	339	2	4
585	32	26	0	0	chrUn0657	13872	13911	-61031	+	AT_rich	Low_complexity	Low_complexity	1	39	0	4
585	237	250	131	16	chrUn0657	14806	14928	-60014	-	L1MC	LINE	L1	-1678	4468	4333	4
585	202	128	0	25	chrUn0657	15937	15977	-58965	+	(TG)n	Simple_repeat	Simple_repeat	2	40	0	4
585	1332	187	81	60	chrUn0657	16343	16678	-58264	-	CSINE2	SINE	SINE	-2	342	1	4
585	241	232	11	68	chrUn0657	16924	17012	-57930	-	MER45R	DNA	hAT-Tip100	-419	1162	1080	4
588	1145	263	32	21	chrUn0128	407414	407752	-514463	-	CSINE2	SINE	SINE	-1	343	2	3
588	1181	222	185	76	chrUn0128	407752	407953	-514262	-	L1MA5	LINE	L1	-505	5795	5593	3
588	2072	62	141	0	chrUn0128	407953	408221	-513994	+	CSINE3A	SINE	SINE	1	311	-39	3
588	240	35	0	0	chrUn0128	408221	408250	-513965	+	(TC)n	Simple_repeat	Simple_repeat	1	29	0	3
588	2072	62	141	0	chrUn0128	408250	408287	-513928	+	CSINE3A	SINE	SINE	312	348	-2	3
588	1181	222	185	76	chrUn0128	408287	408458	-513757	-	L1MA5	LINE	L1	-708	5592	5430	3
588	1345	159	119	0	chrUn0128	408462	408713	-513502	-	CSINE2	SINE	SINE	-2	342	62	3
588	3224	99	9	15	chrUn0128	408766	409228	-512987	-	LMER1	LTR?	LTR?	-10	464	6	3
588	547	193	8	8	chrUn0128	409233	409353	-512862	-	L1MA5	LINE	L1	-891	5406	5287	3
588	289	232	95	57	chrUn0128	410291	410396	-511819	+	MIRb	SINE	MIR	8	116	-152	3
588	2495	49	73	3	chrUn0128	411428	411755	-510460	-	CSINE3A	SINE	SINE	0	350	1	3
588	3070	68	122	7	chrUn0128	412034	412478	-509737	+	LTR11_OC	LTR	ERVK	1	495	0	3
952	6244	119	18	22	chr15	48149314	48150377	-60903675	+	L1A_Oc	LINE	L1	1	1059	-5438	1
952	15462	103	354	13	chr15	48150377	48152713	-60901339	+	L1A_Oc	LINE	L1	1838	5264	-1233	1
952	2470	94	23	0	chr15	48152713	48153055	-60900997	-	CSINE3A	SINE	SINE	0	350	1	1
952	15462	103	354	13	chr15	48153055	48153840	-60900212	+	L1A_Oc	LINE	L1	5265	6023	-474	1
585	810	203	0	0	chrUn1133	320	553	-27138	+	(CGTG)n	Simple_repeat	Simple_repeat	1	233	0	4
73	31357	50	5	4	chrUn0128	129971	133963	-788252	+	L1A_Oc	LINE	L1	1	3996	-2501	3
586	2661	67	9	3	chrUn0128	134381	134727	-787488	+	CSINE3A	SINE	SINE	1	348	-2	3
586	219	36	0	0	chrUn0128	135159	135187	-787028	+	(TG)n	Simple_repeat	Simple_repeat	1	28	0	3
586	29	84	0	0	chrUn0128	135574	135645	-786570	+	AT_rich	Low_complexity	Low_complexity	1	71	0	3
586	404	197	53	0	chrUn0128	136000	136076	-786139	-	L1MA5	LINE	L1	-362	5938	5859	3
586	999	269	45	27	chrUn0128	136086	136418	-785797	-	CSINE2	SINE	SINE	-5	339	2	3
586	1257	242	45	6	chrUn0128	136426	136759	-785456	-	L1MA5	LINE	L1	-525	5775	5430	3
586	1614	164	105	6	chrUn0128	136761	137074	-785141	-	CSINE2	SINE	SINE	0	344	1	3
586	3351	88	9	15	chrUn0128	137096	137558	-784657	-	LMER1	LTR?	LTR?	-10	464	6	3
586	490	202	8	16	chrUn0128	137563	137684	-784531	-	L1MA5	LINE	L1	-891	5406	5287	3
586	250	280	86	48	chrUn0128	138632	138737	-783478	+	MIRb	SINE	MIR	8	116	-152	3
585	358	169	14	14	chrUn1133	12930	13002	-14689	+	tRNA-Gln-CAA_	tRNA	tRNA	1	72	-3	4
585	531	120	0	0	chrUn1133	14021	14096	-13595	-	tRNA-Leu-TTA(m)	tRNA	tRNA	-3	75	1	4
585	358	169	14	14	chrUn1133	12930	13002	-14689	+	tRNA-Gln-CAA_	tRNA	tRNA	1	72	-3	4
585	531	120	0	0	chrUn1133	14021	14096	-13595	-	tRNA-Leu-TTA(m)	tRNA	tRNA	-3	75	1	4
585	358	169	14	14	chrUn1133	12930	13002	-14689	+	tRNA-Gln-CAA_	tRNA	tRNA	1	72	-3	4
585	531	120	0	0	chrUn1133	14021	14096	-13595	-	tRNA-Leu-TTA(m)	tRNA	tRNA	-3	75	1	4
585	714	231	0	0	chrUn1133	17858	18133	-9558	+	(CGTG)n	Simple_repeat	Simple_repeat	1	275	0	4
586	219	36	0	0	chrUn0128	135159	135187	-787028	+	(TG)n	Simple_repeat	Simple_repeat	1	28	0	3
586	29	84	0	0	chrUn0128	135574	135645	-786570	+	AT_rich	Low_complexity	Low_complexity	1	71	0	3
586	404	197	53	0	chrUn0128	136000	136076	-786139	-	L1MA5	LINE	L1	-362	5938	5859	3
586	999	269	45	27	chrUn0128	136086	136418	-785797	-	CSINE2	SINE	SINE	-5	339	2	3
586	1257	242	45	6	chrUn0128	136426	136759	-785456	-	L1MA5	LINE	L1	-525	5775	5430	3
586	1614	164	105	6	chrUn0128	136761	137074	-785141	-	CSINE2	SINE	SINE	0	344	1	3
586	3351	88	9	15	chrUn0128	137096	137558	-784657	-	LMER1	LTR?	LTR?	-10	464	6	3
586	490	202	8	16	chrUn0128	137563	137684	-784531	-	L1MA5	LINE	L1	-891	5406	5287	3
586	250	280	86	48	chrUn0128	138632	138737	-783478	+	MIRb	SINE	MIR	8	116	-152	3
586	2684	73	3	0	chrUn0128	139561	139905	-782310	-	CSINE3A	SINE	SINE	-5	345	1	3
585	810	203	0	0	chrUn1133	320	553	-27138	+	(CGTG)n	Simple_repeat	Simple_repeat	1	233	0	4
952	571	234	0	88	chr15	48149149	48149308	-60904744	+	L1B_Oc	LINE	L1	743	887	0	1
952	6244	119	18	22	chr15	48149314	48150377	-60903675	+	L1A_Oc	LINE	L1	1	1059	-5438	1
952	15462	103	354	13	chr15	48150377	48152713	-60901339	+	L1A_Oc	LINE	L1	1838	5264	-1233	1
952	2470	94	23	0	chr15	48152713	48153055	-60900997	-	CSINE3A	SINE	SINE	0	350	1	1
952	15462	103	354	13	chr15	48153055	48153840	-60900212	+	L1A_Oc	LINE	L1	5265	6023	-474	1
586	216	0	0	0	chrUn0351	201131	201155	-46273	+	(TG)n	Simple_repeat	Simple_repeat	1	24	0	3
586	359	240	10	68	chrUn0351	201895	201998	-45430	+	CSINE2	SINE	SINE	1	97	-247	3
586	1230	242	198	9	chrUn0351	202011	202097	-45331	-	L1MA9	LINE	L1	-374	5938	5832	3
586	1145	259	45	27	chrUn0351	202097	202434	-44994	-	CSINE2	SINE	SINE	0	344	2	3
586	1327	226	48	6	chrUn0351	202434	202777	-44651	-	L1MA9	LINE	L1	-481	5831	5428	3
586	1601	176	99	0	chrUn0351	202777	203090	-44338	-	CSINE2	SINE	SINE	0	344	1	3
586	3190	97	9	15	chrUn0351	203112	203574	-43854	-	LMER1	LTR?	LTR?	-10	464	6	3
586	528	202	8	8	chrUn0351	203579	203699	-43729	-	L1MA9	LINE	L1	-891	5406	5287	3
586	210	290	86	48	chrUn0351	204642	204747	-42681	+	MIRb	SINE	MIR	8	116	-152	3
586	2366	48	96	0	chrUn0351	205568	205880	-41548	-	CSINE3A	SINE	SINE	-8	342	1	3
593	2048	138	28	0	chrUn0050	1132828	1133153	-1014943	-	CSINE1	SINE	SINE	-6	334	1	3
593	2701	56	23	0	chrUn0050	1134035	1134377	-1013719	-	CSINE3A	SINE	SINE	0	350	1	3
593	232	287	26	121	chrUn0050	1134383	1134573	-1013523	-	L1A_Oc	LINE	L1	-79	6418	6247	3
593	2358	177	0	2	chrUn0050	1134603	1135021	-1013075	-	L1A_Oc	LINE	L1	-4449	2048	1632	3
593	1550	190	104	0	chrUn0050	1135021	1135310	-1012786	-	CSINE2	SINE	SINE	-24	320	2	3
593	1637	202	26	116	chrUn0050	1135310	1135807	-1012289	-	L1A_Oc	LINE	L1	-4950	1547	1087	3
593	2569	45	50	18	chrUn0050	1135807	1136145	-1011951	+	CSINE3A	SINE	SINE	2	350	0	3
593	1637	202	26	116	chrUn0050	1136145	1136189	-1011907	-	L1A_Oc	LINE	L1	-5411	1086	1055	3
593	804	283	116	30	chrUn0050	1136174	1136673	-1011423	-	L1A_Oc	LINE	L1	-5921	576	35	3
593	1666	174	81	30	chrUn0050	1136686	1137264	-1010832	-	L1M2	LINE	L1	-638	5662	5049	3
593	869	246	92	53	chrUn0050	1137271	1137708	-1010388	-	L1M5	LINE	L1	-1445	4701	4248	3
593	25	51	0	0	chrUn0050	1137740	1137779	-1010317	+	AT_rich	Low_complexity	Low_complexity	1	39	0	3
585	810	203	0	0	chrUn1133	320	553	-27138	+	(CGTG)n	Simple_repeat	Simple_repeat	1	233	0	4
585	358	169	14	14	chrUn1133	12930	13002	-14689	+	tRNA-Gln-CAA_	tRNA	tRNA	1	72	-3	4
585	531	120	0	0	chrUn1133	14021	14096	-13595	-	tRNA-Leu-TTA(m)	tRNA	tRNA	-3	75	1	4
585	714	231	0	0	chrUn1133	17858	18133	-9558	+	(CGTG)n	Simple_repeat	Simple_repeat	1	275	0	4
585	531	120	0	0	chrUn1133	14021	14096	-13595	-	tRNA-Leu-TTA(m)	tRNA	tRNA	-3	75	1	4
585	714	231	0	0	chrUn1133	17858	18133	-9558	+	(CGTG)n	Simple_repeat	Simple_repeat	1	275	0	4
952	1597	139	57	85	chr15	48142146	48142499	-60911553	+	CSINE3A	SINE	SINE	5	347	-3	1
952	282	295	45	76	chr15	48142942	48143074	-60910978	-	L2a	LINE	L2	-351	3075	2948	1
952	227	271	102	0	chr15	48143095	48143154	-60910898	-	L2a	LINE	L2	-542	2877	2813	1
952	319	321	65	6	chr15	48144169	48144338	-60909714	+	LTR85b	LTR	Gypsy?	15	193	-591	1
952	1209	181	129	11	chr15	48145397	48145660	-60908392	+	CSINE2	SINE	SINE	20	313	-31	1
952	189	0	0	0	chr15	48145660	48145681	-60908371	+	(TAAA)n	Simple_repeat	Simple_repeat	2	22	0	1
952	1059	245	28	76	chr15	48145981	48146335	-60907717	-	CSINE2	SINE	SINE	-6	338	2	1
952	255	94	47	74	chr15	48146585	48146734	-60907318	+	(TATAA)n	Simple_repeat	Simple_repeat	2	146	0	1
952	26	0	0	0	chr15	48146738	48146764	-60907288	+	AT_rich	Low_complexity	Low_complexity	1	26	0	1
585	1002	86	0	56	chrUn0164	27199	27359	-633023	-	ERVNOC_LTR	LTR	ERVK	-331	151	1	3
585	11030	34	14	8	chrUn0164	27587	28905	-631477	+	L1A_Oc	LINE	L1	5139	6464	-33	3
585	1332	187	81	60	chrUn0657	16343	16678	-58264	-	CSINE2	SINE	SINE	-2	342	1	4
585	241	232	11	68	chrUn0657	16924	17012	-57930	-	MER45R	DNA	hAT-Tip100	-419	1162	1080	4
585	1985	156	33	6	chrUn0657	18696	19031	-55911	+	CSINE2	SINE	SINE	1	344	0	4
585	1373	179	146	17	chrUn0657	19478	19779	-55163	+	CSINE1	SINE	SINE	1	340	0	4
585	1828	171	24	12	chrUn0657	20840	21177	-53765	-	CSINE2	SINE	SINE	-3	341	1	4
585	810	203	0	0	chrUn1133	320	553	-27138	+	(CGTG)n	Simple_repeat	Simple_repeat	1	233	0	4
829	7939	16	26	1	chr11	32099562	32100481	-55453733	-	L1A_Oc	LINE	L1	-22	6475	5534	4
829	370	264	28	0	chr11	32101517	32101623	-55452591	-	Tigger7	DNA	TcMar-Tigger	-5	2486	2378	4
829	190	226	73	88	chr11	32101710	32101778	-55452436	+	MIRb	SINE	MIR	39	105	-163	4
829	39	0	0	0	chr11	32101871	32101910	-55452304	+	AT_rich	Low_complexity	Low_complexity	1	39	0	4
829	1754	121	113	10	chr11	32102081	32102391	-55451823	+	CSINE3A	SINE	SINE	2	343	-7	4
588	3224	99	9	15	chrUn0128	408766	409228	-512987	-	LMER1	LTR?	LTR?	-10	464	6	3
588	547	193	8	8	chrUn0128	409233	409353	-512862	-	L1MA5	LINE	L1	-891	5406	5287	3
588	289	232	95	57	chrUn0128	410291	410396	-511819	+	MIRb	SINE	MIR	8	116	-152	3
588	2495	49	73	3	chrUn0128	411428	411755	-510460	-	CSINE3A	SINE	SINE	0	350	1	3
588	3070	68	122	7	chrUn0128	412034	412478	-509737	+	LTR11_OC	LTR	ERVK	1	495	0	3
588	260	194	43	29	chrUn0128	412689	412758	-509457	+	tRNA-Ser-TCA(m)	tRNA	tRNA	1	70	-3	3
588	1922	113	84	12	chrUn0128	413427	413749	-508466	+	CSINE3A	SINE	SINE	1	345	-5	3
588	2026	146	63	0	chrUn0128	413761	414077	-508138	+	CSINE1	SINE	SINE	2	337	-3	3
585	1002	86	0	56	chrUn0164	27199	27359	-633023	-	ERVNOC_LTR	LTR	ERVK	-331	151	1	3
585	11030	34	14	8	chrUn0164	27587	28905	-631477	+	L1A_Oc	LINE	L1	5139	6464	-33	3
585	2212	153	15	6	chrUn0164	29717	30058	-630324	+	CSINE2	SINE	SINE	1	344	0	3
585	1588	178	106	29	chrUn0164	30505	30817	-629565	+	CSINE1	SINE	SINE	1	336	-4	3
585	1939	158	42	27	chrUn0164	31883	32220	-628162	-	CSINE2	SINE	SINE	-2	342	1	3
586	1392	168	81	87	chrUn0313	166328	166674	-112593	-	CSINE2	SINE	SINE	0	344	1	3
586	2711	53	3	0	chrUn0313	167354	167694	-111573	+	CSINE3A	SINE	SINE	1	341	-9	3
586	1973	153	33	6	chrUn0313	169035	169370	-109897	+	CSINE2	SINE	SINE	1	344	0	3
586	1457	166	108	38	chrUn0313	169817	170131	-109136	+	CSINE1	SINE	SINE	1	336	-4	3
586	1835	180	21	9	chrUn0313	171193	171530	-107737	-	CSINE2	SINE	SINE	-3	341	1	3
585	810	203	0	0	chrUn1133	320	553	-27138	+	(CGTG)n	Simple_repeat	Simple_repeat	1	233	0	4
586	404	197	53	0	chrUn0128	136000	136076	-786139	-	L1MA5	LINE	L1	-362	5938	5859	3
586	999	269	45	27	chrUn0128	136086	136418	-785797	-	CSINE2	SINE	SINE	-5	339	2	3
586	1257	242	45	6	chrUn0128	136426	136759	-785456	-	L1MA5	LINE	L1	-525	5775	5430	3
586	1614	164	105	6	chrUn0128	136761	137074	-785141	-	CSINE2	SINE	SINE	0	344	1	3
586	3351	88	9	15	chrUn0128	137096	137558	-784657	-	LMER1	LTR?	LTR?	-10	464	6	3
586	490	202	8	16	chrUn0128	137563	137684	-784531	-	L1MA5	LINE	L1	-891	5406	5287	3
586	250	280	86	48	chrUn0128	138632	138737	-783478	+	MIRb	SINE	MIR	8	116	-152	3
586	2684	73	3	0	chrUn0128	139561	139905	-782310	-	CSINE3A	SINE	SINE	-5	345	1	3
586	286	177	48	16	chrUn0128	140505	140568	-781647	+	tRNA-Ser-TCA(m)	tRNA	tRNA	1	65	-8	3
585	810	203	0	0	chrUn1133	320	553	-27138	+	(CGTG)n	Simple_repeat	Simple_repeat	1	233	0	4
585	810	203	0	0	chrUn1133	320	553	-27138	+	(CGTG)n	Simple_repeat	Simple_repeat	1	233	0	4
585	1171	146	204	12	chrUn0313	59216	59466	-219801	+	CSINE2	SINE	SINE	47	344	0	3
585	21	82	0	0	chrUn0313	62754	62803	-216464	+	GC_rich	Low_complexity	Low_complexity	1	49	0	3
585	6432	20	7	4	chrUn0313	63326	64074	-215193	+	L1A_Oc	LINE	L1	5700	6449	-48	3
585	810	203	0	0	chrUn1133	320	553	-27138	+	(CGTG)n	Simple_repeat	Simple_repeat	1	233	0	4
585	358	169	14	14	chrUn1133	12930	13002	-14689	+	tRNA-Gln-CAA_	tRNA	tRNA	1	72	-3	4
585	531	120	0	0	chrUn1133	14021	14096	-13595	-	tRNA-Leu-TTA(m)	tRNA	tRNA	-3	75	1	4
585	1064	159	244	12	chrUn0637	17779	18021	-62485	+	CSINE2	SINE	SINE	47	344	0	4
585	344	299	19	0	chrUn0637	21748	21855	-58651	-	Tigger7	DNA	TcMar-Tigger	-5	2486	2378	4
585	2332	82	60	0	chrUn0637	22412	22730	-57776	+	CSINE1	SINE	SINE	1	337	-3	4
875	489	305	28	61	chr2	38018247	38018460	-136313852	+	MIRb	SINE	MIR	20	225	-43	1
875	2599	51	50	12	chr2	38018479	38018816	-136313496	+	CSINE3A	SINE	SINE	1	350	0	1
875	207	184	0	39	chr2	38019910	38019961	-136312351	+	A-rich	Low_complexity	Low_complexity	2	50	0	1
875	849	283	110	11	chr2	38020047	38020401	-136311911	-	MLT1B	LTR	ERVL-MaLR	0	390	2	1
875	334	280	95	11	chr2	38021059	38021216	-136311096	+	LTR75B	LTR	ERVL	82	298	-310	1
875	1247	225	57	19	chr2	38021891	38022208	-136310104	+	CSINE2	SINE	SINE	2	330	-14	1
875	1121	241	44	27	chr2	38022261	38022559	-136309753	+	CSINE2	SINE	SINE	36	338	-6	1
875	272	234	12	38	chr2	38022563	38022643	-136309669	-	MLT1A1	LTR	ERVL-MaLR	-66	342	265	1
875	716	247	6	24	chr2	38022750	38022916	-136309396	+	CSINE2	SINE	SINE	2	164	-180	1
875	201	74	0	0	chr2	38022927	38022954	-136309358	+	(A)n	Simple_repeat	Simple_repeat	1	27	0	1
875	1506	194	48	15	chr2	38022974	38023304	-136309008	-	CSINE2	SINE	SINE	-3	341	1	1
875	29	60	0	0	chr2	38023345	38023395	-136308917	+	AT_rich	Low_complexity	Low_complexity	1	50	0	1
952	1633	189	50	12	chr15	48165587	48165909	-60888143	+	CSINE1	SINE	SINE	3	336	-4	1
952	2689	221	40	30	chr15	48166005	48166829	-60887223	-	L1M4c	LINE	L1	-3209	3576	2741	1
952	284	262	88	0	chr15	48167534	48167614	-60886438	-	MLT1I	LTR	ERVL-MaLR	-298	113	27	1
952	258	301	48	20	chr15	48167994	48168140	-60885912	-	L1M4c	LINE	L1	-6377	412	263	1
952	2494	56	22	0	chr15	48168832	48169156	-60884896	+	CSINE3A	SINE	SINE	1	331	-19	1
952	198	0	0	0	chr15	48169156	48169178	-60884874	+	(TAAA)n	Simple_repeat	Simple_repeat	2	23	0	1
952	3309	65	68	15	chr15	48170067	48170537	-60883515	+	LTR11_OC	LTR	ERVK	1	495	0	1
624	1211	146	46	27	chr14	5154060	5154076	-158742552	+	CSINE1	SINE	SINE	258	270	-70	9
624	256	332	77	32	chr14	5154089	5154310	-158742318	+	L1ME3	LINE	L1	5927	6157	-16	9
624	525	274	0	16	chr14	5154801	5154927	-158741701	-	MIRc	SINE	MIR	-31	237	114	9
624	580	299	159	18	chr14	5154987	5155371	-158741257	-	LTR16C	LTR	ERVL	0	489	52	9
624	759	269	59	71	chr14	5155849	5156354	-158740274	-	Kanga1c	DNA	TcMar-Tc2	-229	500	2	9
624	239	0	32	0	chr14	5156411	5156442	-158740186	+	(TTTCC)n	Simple_repeat	Simple_repeat	3	34	0	9
624	1742	92	67	32	chr14	5156445	5156759	-158739869	-	CSINE3A	SINE	SINE	-6	344	20	9
624	277	248	19	19	chr14	5157171	5157274	-158739354	+	L1MEg	LINE	L1	4490	4592	-1554	9
624	267	280	0	0	chr14	5157892	5157967	-158738661	+	(TA)n	Simple_repeat	Simple_repeat	2	76	0	9
624	201	74	0	0	chr14	5157967	5157994	-158738634	+	(CA)n	Simple_repeat	Simple_repeat	2	28	0	9
624	966	225	111	12	chr14	5158018	5158261	-158738367	+	CSINE2	SINE	SINE	75	341	-3	9
624	30	77	0	0	chr14	5158363	5158428	-158738200	+	AT_rich	Low_complexity	Low_complexity	1	65	0	9
624	383	278	138	33	chr14	5158465	5158949	-158737679	-	L1ME4a	LINE	L1	-48	6076	5542	9
585	810	203	0	0	chrUn1133	320	553	-27138	+	(CGTG)n	Simple_repeat	Simple_repeat	1	233	0	4
756	28	102	0	0	chr3	22495606	22495704	-133195401	+	GC_rich	Low_complexity	Low_complexity	1	98	0	2
756	395	278	34	17	chr3	22496655	22496772	-133194333	+	MIRb	SINE	MIR	40	158	-110	2
756	257	340	174	34	chr3	22497502	22497886	-133193219	-	L2a	LINE	L2	0	3426	2989	2
756	1204	200	118	56	chr3	22498401	22498678	-133192427	+	CSINE2	SINE	SINE	2	302	-42	2
756	2391	104	21	9	chr3	22498678	22499009	-133192096	-	CSINE1	SINE	SINE	-5	335	1	2
756	1204	200	118	56	chr3	22499009	22499054	-133192051	+	CSINE2	SINE	SINE	303	344	0	2
756	1498	177	99	13	chr3	22499195	22499498	-133191607	+	CSINE2	SINE	SINE	1	329	-15	2
756	1127	254	28	8	chr3	22499532	22499786	-133191319	+	CSINE2	SINE	SINE	1	259	-85	2
756	249	33	0	0	chr3	22499787	22499817	-133191288	+	(TC)n	Simple_repeat	Simple_repeat	1	30	0	2
756	396	0	0	0	chr3	22499817	22499861	-133191244	+	(TAAA)n	Simple_repeat	Simple_repeat	2	45	0	2
756	534	209	77	63	chr3	22500023	22500166	-133190939	-	MIRb	SINE	MIR	-45	223	79	2
756	197	402	54	0	chr3	22500351	22500463	-133190642	+	MIRb	SINE	MIR	6	123	-145	2
586	2306	63	50	26	chrUn0351	198866	199208	-48220	-	CSINE3A	SINE	SINE	0	350	1	3
586	1833	137	75	0	chrUn0351	199219	199525	-47903	-	CSINE2	SINE	SINE	-5	339	11	3
586	256	296	80	0	chrUn0351	199525	199650	-47778	-	L1MEf	LINE	L1	-4781	1461	1327	3
586	394	16	32	16	chrUn0351	199650	199712	-47716	-	CSINE1	SINE	SINE	0	340	278	3
586	2115	58	125	3	chrUn0351	200318	200597	-46831	+	CSINE3A	SINE	SINE	1	287	-63	3
586	258	32	0	0	chrUn0351	200597	200628	-46800	+	(TC)n	Simple_repeat	Simple_repeat	1	31	0	3
586	2115	58	125	3	chrUn0351	200628	200660	-46768	+	CSINE3A	SINE	SINE	288	349	-1	3
586	216	0	0	0	chrUn0351	201131	201155	-46273	+	(TG)n	Simple_repeat	Simple_repeat	1	24	0	3
586	359	240	10	68	chrUn0351	201895	201998	-45430	+	CSINE2	SINE	SINE	1	97	-247	3
586	1230	242	198	9	chrUn0351	202011	202097	-45331	-	L1MA9	LINE	L1	-374	5938	5832	3
586	1145	259	45	27	chrUn0351	202097	202434	-44994	-	CSINE2	SINE	SINE	0	344	2	3
586	1327	226	48	6	chrUn0351	202434	202777	-44651	-	L1MA9	LINE	L1	-481	5831	5428	3
586	1601	176	99	0	chrUn0351	202777	203090	-44338	-	CSINE2	SINE	SINE	0	344	1	3
586	3190	97	9	15	chrUn0351	203112	203574	-43854	-	LMER1	LTR?	LTR?	-10	464	6	3
586	528	202	8	8	chrUn0351	203579	203699	-43729	-	L1MA9	LINE	L1	-891	5406	5287	3
585	180	0	0	0	chrUn0545	27090	27110	-77470	+	(TTTA)n	Simple_repeat	Simple_repeat	2	21	0	4
585	1722	168	10	0	chrUn0545	27110	27419	-77161	-	CSINE2	SINE	SINE	-31	313	2	4
585	337	281	145	6	chrUn0545	27538	27717	-76863	+	L1M5	LINE	L1	3490	3693	-2453	4
585	224	59	29	0	chrUn0545	29135	29169	-75411	+	(TG)n	Simple_repeat	Simple_repeat	2	36	0	4
585	315	127	73	0	chrUn0545	29360	29415	-75165	-	L1MA5	LINE	L1	-385	5915	5857	4
585	1137	268	22	16	chrUn0545	29439	29758	-74822	-	CSINE2	SINE	SINE	-22	322	2	4
585	1181	232	43	46	chrUn0545	29765	29961	-74619	-	L1M2	LINE	L1	-524	5776	5579	4
585	2606	47	62	0	chrUn0545	29961	30283	-74297	+	CSINE3A	SINE	SINE	1	342	-8	4
585	1181	232	43	46	chrUn0545	30283	30434	-74146	-	L1M2	LINE	L1	-722	5578	5430	4
585	1220	154	138	0	chrUn0545	30441	30688	-73892	-	CSINE2	SINE	SINE	-2	342	62	4
585	3061	97	9	15	chrUn0545	30741	31203	-73377	-	LMER1	LTR?	LTR?	-10	464	6	4
585	480	210	8	8	chrUn0545	31208	31328	-73252	-	L1M2	LINE	L1	-891	5406	5287	4
1347	2723	52	3	0	chr15	99933149	99933494	-9120558	+	CSINE3A	SINE	SINE	1	346	-4	1
1347	214	336	45	27	chr15	99933516	99933626	-9120426	+	MIRb	SINE	MIR	51	162	-106	1
1347	343	321	48	48	chr15	99933857	99934063	-9119989	-	LTR33	LTR	ERVL	-7	508	303	1
1347	379	208	133	48	chr15	99934579	99934616	-9119436	+	L1M4c	LINE	L1	2166	2202	-4182	1
1347	204	40	0	0	chr15	99934616	99934641	-9119411	+	(TA)n	Simple_repeat	Simple_repeat	1	25	0	1
1347	379	208	133	48	chr15	99934641	99934851	-9119201	+	L1M4c	LINE	L1	2203	2434	-3950	1
1347	2441	234	41	14	chr15	99934841	99935499	-9118553	+	L1M4c	LINE	L1	4022	4697	-1679	1
1347	1374	211	52	18	chr15	99935673	99936002	-9118050	+	CSINE2	SINE	SINE	1	340	-4	1
1347	531	184	50	6	chr15	99936037	99936193	-9117859	+	L1M4c	LINE	L1	4635	4795	-1581	1
1347	924	201	113	9	chr15	99936965	99937196	-9116856	+	L1M4c	LINE	L1	4794	5048	-1331	1
73	31357	50	5	4	chrUn0128	129971	133963	-788252	+	L1A_Oc	LINE	L1	1	3996	-2501	3
586	2661	67	9	3	chrUn0128	134381	134727	-787488	+	CSINE3A	SINE	SINE	1	348	-2	3
586	219	36	0	0	chrUn0128	135159	135187	-787028	+	(TG)n	Simple_repeat	Simple_repeat	1	28	0	3
586	29	84	0	0	chrUn0128	135574	135645	-786570	+	AT_rich	Low_complexity	Low_complexity	1	71	0	3
586	404	197	53	0	chrUn0128	136000	136076	-786139	-	L1MA5	LINE	L1	-362	5938	5859	3
586	999	269	45	27	chrUn0128	136086	136418	-785797	-	CSINE2	SINE	SINE	-5	339	2	3
586	1257	242	45	6	chrUn0128	136426	136759	-785456	-	L1MA5	LINE	L1	-525	5775	5430	3
586	1614	164	105	6	chrUn0128	136761	137074	-785141	-	CSINE2	SINE	SINE	0	344	1	3
586	3351	88	9	15	chrUn0128	137096	137558	-784657	-	LMER1	LTR?	LTR?	-10	464	6	3
586	490	202	8	16	chrUn0128	137563	137684	-784531	-	L1MA5	LINE	L1	-891	5406	5287	3
588	370	270	145	6	chrUn0128	404850	405029	-517186	+	L1M5	LINE	L1	3490	3693	-2453	3
588	203	0	37	0	chrUn0128	406442	406469	-515746	+	(TG)n	Simple_repeat	Simple_repeat	1	28	0	3
588	25	75	0	0	chrUn0128	406899	406952	-515263	+	AT_rich	Low_complexity	Low_complexity	1	53	0	3
588	384	229	10	68	chrUn0128	407213	407316	-514899	+	CSINE2	SINE	SINE	1	97	-247	3
588	1181	222	185	76	chrUn0128	407329	407414	-514801	-	L1MA5	LINE	L1	-362	5938	5796	3
588	1145	263	32	21	chrUn0128	407414	407752	-514463	-	CSINE2	SINE	SINE	-1	343	2	3
588	1181	222	185	76	chrUn0128	407752	407953	-514262	-	L1MA5	LINE	L1	-505	5795	5593	3
588	2072	62	141	0	chrUn0128	407953	408221	-513994	+	CSINE3A	SINE	SINE	1	311	-39	3
588	240	35	0	0	chrUn0128	408221	408250	-513965	+	(TC)n	Simple_repeat	Simple_repeat	1	29	0	3
588	2072	62	141	0	chrUn0128	408250	408287	-513928	+	CSINE3A	SINE	SINE	312	348	-2	3
588	1181	222	185	76	chrUn0128	408287	408458	-513757	-	L1MA5	LINE	L1	-708	5592	5430	3
588	1345	159	119	0	chrUn0128	408462	408713	-513502	-	CSINE2	SINE	SINE	-2	342	62	3
588	3224	99	9	15	chrUn0128	408766	409228	-512987	-	LMER1	LTR?	LTR?	-10	464	6	3
588	547	193	8	8	chrUn0128	409233	409353	-512862	-	L1MA5	LINE	L1	-891	5406	5287	3
585	358	169	14	14	chrUn1133	12930	13002	-14689	+	tRNA-Gln-CAA_	tRNA	tRNA	1	72	-3	4
585	531	120	0	0	chrUn1133	14021	14096	-13595	-	tRNA-Leu-TTA(m)	tRNA	tRNA	-3	75	1	4
586	216	0	0	0	chrUn0351	201131	201155	-46273	+	(TG)n	Simple_repeat	Simple_repeat	1	24	0	3
586	359	240	10	68	chrUn0351	201895	201998	-45430	+	CSINE2	SINE	SINE	1	97	-247	3
586	1230	242	198	9	chrUn0351	202011	202097	-45331	-	L1MA9	LINE	L1	-374	5938	5832	3
586	1145	259	45	27	chrUn0351	202097	202434	-44994	-	CSINE2	SINE	SINE	0	344	2	3
586	1327	226	48	6	chrUn0351	202434	202777	-44651	-	L1MA9	LINE	L1	-481	5831	5428	3
586	1601	176	99	0	chrUn0351	202777	203090	-44338	-	CSINE2	SINE	SINE	0	344	1	3
586	3190	97	9	15	chrUn0351	203112	203574	-43854	-	LMER1	LTR?	LTR?	-10	464	6	3
586	528	202	8	8	chrUn0351	203579	203699	-43729	-	L1MA9	LINE	L1	-891	5406	5287	3
586	210	290	86	48	chrUn0351	204642	204747	-42681	+	MIRb	SINE	MIR	8	116	-152	3
586	2366	48	96	0	chrUn0351	205568	205880	-41548	-	CSINE3A	SINE	SINE	-8	342	1	3
585	358	169	14	14	chrUn1133	12930	13002	-14689	+	tRNA-Gln-CAA_	tRNA	tRNA	1	72	-3	4
585	531	120	0	0	chrUn1133	14021	14096	-13595	-	tRNA-Leu-TTA(m)	tRNA	tRNA	-3	75	1	4
585	1064	159	244	12	chrUn0637	17779	18021	-62485	+	CSINE2	SINE	SINE	47	344	0	4
585	344	299	19	0	chrUn0637	21748	21855	-58651	-	Tigger7	DNA	TcMar-Tigger	-5	2486	2378	4
671	672	253	60	11	chr21	11374314	11374498	-4203778	+	CSINE2	SINE	SINE	98	290	-54	2
671	381	312	40	49	chr21	11374561	11374911	-4203365	+	L1MC4	LINE	L1	7562	7908	-134	2
671	1911	138	58	3	chr21	11375860	11376186	-4202090	+	CSINE2	SINE	SINE	1	344	0	2
671	1709	148	49	0	chr21	11376203	11376508	-4201768	+	CSINE2	SINE	SINE	1	320	-24	2
671	23	33	0	0	chr21	11376509	11376539	-4201737	+	AT_rich	Low_complexity	Low_complexity	1	30	0	2
671	340	318	55	66	chr21	11376698	11376911	-4201365	+	CSINE2	SINE	SINE	65	279	-65	2
671	1215	234	72	22	chr21	11377771	11378090	-4200186	-	CSINE1	SINE	SINE	-5	335	1	2
671	1440	108	281	7	chr21	11378699	11378969	-4199307	+	CSINE2	SINE	SINE	1	344	0	2
671	227	305	104	10	chr21	11378977	11379073	-4199203	-	MIR	SINE	MIR	-148	114	10	2
590	1724	204	24	12	chrUn0046	668762	669090	-1551765	+	CSINE1	SINE	SINE	3	334	-6	3
590	230	329	122	14	chrUn0046	669931	670079	-1550776	+	MIRb	SINE	MIR	18	181	-87	3
590	507	307	32	40	chrUn0046	670158	670406	-1550449	+	CSINE2	SINE	SINE	40	285	-59	3
590	23	0	0	0	chrUn0046	670406	670429	-1550426	+	AT_rich	Low_complexity	Low_complexity	1	23	0	3
590	454	278	22	8	chrUn0046	670825	670959	-1549896	-	MIR	SINE	MIR	-1	261	126	3
590	1555	177	99	6	chrUn0046	671342	671654	-1549201	-	CSINE2	SINE	SINE	-2	342	2	3
590	2427	46	67	24	chrUn0046	671662	671993	-1548862	-	CSINE3A	SINE	SINE	-5	345	1	3
590	1477	215	85	3	chrUn0046	672019	672336	-1548519	+	CSINE2	SINE	SINE	1	343	-1	3
590	1115	177	149	4	chrUn0046	672344	672599	-1548256	+	CSINE2	SINE	SINE	50	341	-3	3
590	1140	213	70	45	chrUn0046	672763	673093	-1547762	+	CSINE2	SINE	SINE	1	338	-6	3
